🏗️  Infrastructure Flywheel Scanner started
Polling every 600s
Press Ctrl+C to stop


[2026-09-05T20:14:38.752Z] Running scan...

Found 100 coins to evaluate

🏗️  INFRASTRUCTURE FLYWHEEL MATCH

Project: $ZZZ on Robinhood Chain

Metrics:
  • MC: $15.0M
  • Age: 0.0 months
  • Pools: 0
  • Holders: 7,857

Why it matches:
    • Chain age: 0.0 months
  • Market cap: $15.0M
  • Trading activity: 90,794 swaps

Risk factors:
    • High PSL: 18.0% of top 10


CA: 0x7dbf38976f6d3b9c529e7d9484a71898b409ee6a
  ✓ Alert sent to Discord
🏗️  INFRASTRUCTURE FLYWHEEL MATCH

Project: $MEME on Robinhood Chain

Metrics:
  • MC: $26.8M
  • Age: 0.1 months
  • Pools: 0
  • Holders: 23,921

Why it matches:
    • Chain age: 0.1 months
  • Market cap: $26.8M
  • Trading activity: 74,766 swaps



CA: 0x385f4f8ae47651ce5f58f5265395a669f8281e18
  ✓ Alert sent to Discord
🏗️  INFRASTRUCTURE FLYWHEEL MATCH

Project: $SHROOM on Robinhood Chain

Metrics:
  • MC: $49.5M
  • Age: 0.1 months
  • Pools: 0
  • Holders: 8,208

Why it matches:
    • Chain age: 0.1 months
  • Market cap: $49.5M
  • Trading activity: 68,297 swaps

Risk factors:
    • High PSL: 21.6% of top 10


CA: 0xab093def657f15df31b33922a95e047add645b29
  ✓ Alert sent to Discord
🏗️  INFRASTRUCTURE FLYWHEEL MATCH

Project: $Ponsan on Robinhood Chain

Metrics:
  • MC: $6.9M
  • Age: 0.0 months
  • Pools: 0
  • Holders: 9,234

Why it matches:
    • Chain age: 0.0 months
  • Market cap: $6.9M
  • Trading activity: 60,832 swaps

Risk factors:
    • High PSL: 10.9% of top 10


CA: 0x97216593d3b2769da6f0adeee6fb8e36da4e319f
  ✓ Alert sent to Discord
🏗️  INFRASTRUCTURE FLYWHEEL MATCH

Project: $par on Robinhood Chain

Metrics:
  • MC: $5.7M
  • Age: 0.0 months
  • Pools: 0
  • Holders: 4,105

Why it matches:
    • Chain age: 0.0 months
  • Market cap: $5.7M
  • Trading activity: 36,741 swaps

Risk factors:
    • High PSL: 15.6% of top 10


CA: 0x507b6f349a80114097a67b8b4677367acc15b220
  ✓ Alert sent to Discord
🏗️  INFRASTRUCTURE FLYWHEEL MATCH

Project: $SPCX on Robinhood Chain

Metrics:
  • MC: $8.8M
  • Age: 0.0 months
  • Pools: 0
  • Holders: 81,874

Why it matches:
    • Chain age: 0.0 months
  • Market cap: $8.8M
  • Trading activity: 244,268 swaps

Risk factors:
    • High PSL: 29.4% of top 10


CA: 0x4a0e65a3eccec6dbe60ae065f2e7bb85fae35eea
  ✓ Alert sent to Discord
🏗️  INFRASTRUCTURE FLYWHEEL MATCH

Project: $SPY on Robinhood Chain

Metrics:
  • MC: $17.4M
  • Age: 0.0 months
  • Pools: 0
  • Holders: 58,696

Why it matches:
    • Chain age: 0.0 months
  • Market cap: $17.4M
  • Trading activity: 171,925 swaps

Risk factors:
    • High PSL: 14.7% of top 10


CA: 0x117cc2133c37b721f49de2a7a74833232b3b4c0c
  ✓ Alert sent to Discord
🏗️  INFRASTRUCTURE FLYWHEEL MATCH

Project: $NVDA on Robinhood Chain

Metrics:
  • MC: $15.2M
  • Age: 0.0 months
  • Pools: 0
  • Holders: 109,683

Why it matches:
    • Chain age: 0.0 months
  • Market cap: $15.2M
  • Trading activity: 189,075 swaps

Risk factors:
    • High PSL: 23.8% of top 10


CA: 0xd0601ce157db5bdc3162bbac2a2c8af5320d9eec
  ✓ Alert sent to Discord
🏗️  INFRASTRUCTURE FLYWHEEL MATCH

Project: $microduck on Robinhood Chain

Metrics:
  • MC: $31.2M
  • Age: 0.3 months
  • Pools: 0
  • Holders: 19,495

Why it matches:
    • Chain age: 0.3 months
  • Market cap: $31.2M
  • Trading activity: 20,420 swaps

Risk factors:
    • High PSL: 17.0% of top 10


CA: 0xd5f1afea47b1a9eab414d2ee740cf1d6d039e725
  ✓ Alert sent to Discord
🏗️  INFRASTRUCTURE FLYWHEEL MATCH

Project: $FATCOIN on Robinhood Chain

Metrics:
  • MC: $29.0M
  • Age: 0.1 months
  • Pools: 0
  • Holders: 7,762

Why it matches:
    • Chain age: 0.1 months
  • Market cap: $29.0M
  • Trading activity: 18,823 swaps

Risk factors:
    • High PSL: 11.1% of top 10


CA: 0x12d5ee7917ca430073c3a638ee1e6f0648a98a01
  ✓ Alert sent to Discord
🏗️  INFRASTRUCTURE FLYWHEEL MATCH

Project: $ROBINCAT on Robinhood Chain

Metrics:
  • MC: $9.8M
  • Age: 0.2 months
  • Pools: 0
  • Holders: 11,934

Why it matches:
    • Chain age: 0.2 months
  • Market cap: $9.8M
  • Trading activity: 20,016 swaps

Risk factors:
    • High PSL: 13.6% of top 10


CA: 0xded852de9fe9ba9b6f27f39e8e81cf851a5c79cc
  ✓ Alert sent to Discord
🏗️  INFRASTRUCTURE FLYWHEEL MATCH

Project: $NUKE on Robinhood Chain

Metrics:
  • MC: $5.2M
  • Age: 0.0 months
  • Pools: 0
  • Holders: 1,089

Why it matches:
    • Chain age: 0.0 months
  • Market cap: $5.2M
  • Trading activity: 16,886 swaps

Risk factors:
    • High PSL: 82.5% of top 10
  • Concentration: Top 10 holds 82.5%


CA: 0x0000000005aca17e8bd5779fc87e13cb433aed24
  Discord message send failed: 429
🏗️  INFRASTRUCTURE FLYWHEEL MATCH

Project: $BONER on Robinhood Chain

Metrics:
  • MC: $39.1M
  • Age: 0.3 months
  • Pools: 0
  • Holders: 17,264

Why it matches:
    • Chain age: 0.3 months
  • Market cap: $39.1M
  • Trading activity: 16,177 swaps

Risk factors:
    • High PSL: 16.2% of top 10


CA: 0x98096d17e191b3da1d5f99a6d7b3584351b11e18
  Discord message send failed: 429
🏗️  INFRASTRUCTURE FLYWHEEL MATCH

Project: $GRASS on Robinhood Chain

Metrics:
  • MC: $9.5M
  • Age: 0.1 months
  • Pools: 0
  • Holders: 6,917

Why it matches:
    • Chain age: 0.1 months
  • Market cap: $9.5M
  • Trading activity: 17,216 swaps

Risk factors:
    • High PSL: 13.5% of top 10


CA: 0x16391c40e85fb2246a2c8c17bfa2594c5d3ef84b
  ✓ Alert sent to Discord
🏗️  INFRASTRUCTURE FLYWHEEL MATCH

Project: $NUDES on Robinhood Chain

Metrics:
  • MC: $24.8M
  • Age: 0.1 months
  • Pools: 0
  • Holders: 8,346

Why it matches:
    • Chain age: 0.1 months
  • Market cap: $24.8M
  • Trading activity: 16,121 swaps

Risk factors:
    • High PSL: 10.7% of top 10


CA: 0xbe98b75361935b18d688409424a869a4c3dc7401
  Discord message send failed: 429
🏗️  INFRASTRUCTURE FLYWHEEL MATCH

Project: $PAIR on Robinhood Chain

Metrics:
  • MC: $14.8M
  • Age: 0.1 months
  • Pools: 0
  • Holders: 6,276

Why it matches:
    • Chain age: 0.1 months
  • Market cap: $14.8M
  • Trading activity: 13,550 swaps

Risk factors:
    • High PSL: 11.5% of top 10


CA: 0x6b1d42927b1a84ec28fa88d4fc6fa7af404966be
  Discord message send failed: 429
🏗️  INFRASTRUCTURE FLYWHEEL MATCH

Project: $UBIK on Robinhood Chain

Metrics:
  • MC: $17.2M
  • Age: 0.1 months
  • Pools: 0
  • Holders: 6,169

Why it matches:
    • Chain age: 0.1 months
  • Market cap: $17.2M
  • Trading activity: 11,014 swaps

Risk factors:
    • High PSL: 18.1% of top 10


CA: 0x812486eaea648819853f8e372dc9f1516c7868bd
  ✓ Alert sent to Discord
🏗️  INFRASTRUCTURE FLYWHEEL MATCH

Project: $STONKBROKER on Robinhood Chain

Metrics:
  • MC: $39.3M
  • Age: 1.3 months
  • Pools: 0
  • Holders: 33,619

Why it matches:
    • Chain age: 1.3 months
  • Market cap: $39.3M
  • Trading activity: 9,505 swaps

Risk factors:
    • High PSL: 56.7% of top 10
  • Concentration: Top 10 holds 56.7%


CA: 0xe934e36a439c94017b64a3fece66af12099abf50
  ✓ Alert sent to Discord
🏗️  INFRASTRUCTURE FLYWHEEL MATCH

Project: $PROLOGUE on Robinhood Chain

Metrics:
  • MC: $10.1M
  • Age: 0.6 months
  • Pools: 0
  • Holders: 7,698

Why it matches:
    • Chain age: 0.6 months
  • Market cap: $10.1M
  • Trading activity: 9,713 swaps

Risk factors:
    • High PSL: 18.6% of top 10


CA: 0xb9972ca7188e511174947e3936a5315ac7073277
  ✓ Alert sent to Discord
🏗️  INFRASTRUCTURE FLYWHEEL MATCH

Project: $GG on Robinhood Chain

Metrics:
  • MC: $7.1M
  • Age: 0.3 months
  • Pools: 0
  • Holders: 6,376

Why it matches:
    • Chain age: 0.3 months
  • Market cap: $7.1M
  • Trading activity: 6,958 swaps

Risk factors:
    • High PSL: 16.6% of top 10


CA: 0xcacb0e9caccee63ec4d82952e561a291c68bcb68
  Discord message send failed: 429
🏗️  INFRASTRUCTURE FLYWHEEL MATCH

Project: $FRONG on Robinhood Chain

Metrics:
  • MC: $8.1M
  • Age: 1.2 months
  • Pools: 0
  • Holders: 14,825

Why it matches:
    • Chain age: 1.2 months
  • Market cap: $8.1M
  • Trading activity: 5,288 swaps

Risk factors:
    • High PSL: 15.4% of top 10


CA: 0x6245e67affa44a23077f0ea7f981a8dc743a0c47
  ✓ Alert sent to Discord
🏗️  INFRASTRUCTURE FLYWHEEL MATCH

Project: $AMC on Robinhood Chain

Metrics:
  • MC: $7.4M
  • Age: 0.0 months
  • Pools: 0
  • Holders: 8,000

Why it matches:
    • Chain age: 0.0 months
  • Market cap: $7.4M
  • Trading activity: 19,966 swaps

Risk factors:
    • High PSL: 30.6% of top 10


CA: 0x05a3d1cd21d0c88145e82600e62e7e496e0f222b
  ✓ Alert sent to Discord
🏗️  INFRASTRUCTURE FLYWHEEL MATCH

Project: $RAM on Robinhood Chain

Metrics:
  • MC: $5.7M
  • Age: 0.7 months
  • Pools: 0
  • Holders: 9,673

Why it matches:
    • Chain age: 0.7 months
  • Market cap: $5.7M
  • Trading activity: 4,903 swaps

Risk factors:
    • High PSL: 13.4% of top 10


CA: 0x5173d45a1191ee33cbb7d8c7e65f21b04ed54802
  Discord message send failed: 429
🏗️  INFRASTRUCTURE FLYWHEEL MATCH

Project: $DELTA on Robinhood Chain

Metrics:
  • MC: $13.8M
  • Age: 1.2 months
  • Pools: 0
  • Holders: 15,325

Why it matches:
    • Chain age: 1.2 months
  • Market cap: $13.8M
  • Trading activity: 7,958 swaps

Risk factors:
    • High PSL: 27.4% of top 10


CA: 0xe8ffd7e24187f72afb08d75b1bb13088a989a791
  Discord message send failed: 429
🏗️  INFRASTRUCTURE FLYWHEEL MATCH

Project: $MOO on Robinhood Chain

Metrics:
  • MC: $25.0M
  • Age: 1.5 months
  • Pools: 0
  • Holders: 6,185

Why it matches:
    • Chain age: 1.5 months
  • Market cap: $25.0M
  • Trading activity: 11,369 swaps

Risk factors:
    • High PSL: 14.7% of top 10


CA: 0xd9db30bb0d2b8d2eae3826a1372117e058791e18
  ✓ Alert sent to Discord
🏗️  INFRASTRUCTURE FLYWHEEL MATCH

Project: $BUN on Robinhood Chain

Metrics:
  • MC: $25.1M
  • Age: 0.1 months
  • Pools: 0
  • Holders: 1,661

Why it matches:
    • Chain age: 0.1 months
  • Market cap: $25.1M
  • Trading activity: 3,419 swaps

Risk factors:
    • High PSL: 74.5% of top 10
  • Concentration: Top 10 holds 74.5%


CA: 0x07ebb29a38fbcb41563817e5e19f2cec619c90d2
  Discord message send failed: 429
🏗️  INFRASTRUCTURE FLYWHEEL MATCH

Project: $DTF on Robinhood Chain

Metrics:
  • MC: $6.1M
  • Age: 0.4 months
  • Pools: 0
  • Holders: 8,395

Why it matches:
    • Chain age: 0.4 months
  • Market cap: $6.1M
  • Trading activity: 3,218 swaps

Risk factors:
    • High PSL: 37.8% of top 10


CA: 0xee5576fa1bcaa380e591d01245f406f3f384eb01
  ✓ Alert sent to Discord
🏗️  INFRASTRUCTURE FLYWHEEL MATCH

Project: $HOOKR on Robinhood Chain

Metrics:
  • MC: $19.5M
  • Age: 1.0 months
  • Pools: 0
  • Holders: 6,645

Why it matches:
    • Chain age: 1.0 months
  • Market cap: $19.5M
  • Trading activity: 7,934 swaps

Risk factors:
    • High PSL: 15.3% of top 10


CA: 0x18e674231a58c239dc7daedcffe15ec3a24cff5c
  Discord message send failed: 429

Scan complete in 20.5s - Found 28 matches

[2026-09-05T20:24:59.252Z] Running scan...

Found 100 coins to evaluate

🏗️  INFRASTRUCTURE FLYWHEEL MATCH

Project: $ZZZ on Robinhood Chain

Metrics:
  • MC: $14.3M
  • Age: 0.0 months
  • Pools: 0
  • Holders: 7,846

Why it matches:
    • Chain age: 0.0 months
  • Market cap: $14.3M
  • Trading activity: 90,910 swaps

Risk factors:
    • High PSL: 18.0% of top 10


CA: 0x7dbf38976f6d3b9c529e7d9484a71898b409ee6a
  ✓ Alert sent to Discord
🏗️  INFRASTRUCTURE FLYWHEEL MATCH

Project: $MEME on Robinhood Chain

Metrics:
  • MC: $26.4M
  • Age: 0.1 months
  • Pools: 0
  • Holders: 23,899

Why it matches:
    • Chain age: 0.1 months
  • Market cap: $26.4M
  • Trading activity: 74,259 swaps



CA: 0x385f4f8ae47651ce5f58f5265395a669f8281e18
  ✓ Alert sent to Discord
🏗️  INFRASTRUCTURE FLYWHEEL MATCH

Project: $SHROOM on Robinhood Chain

Metrics:
  • MC: $51.3M
  • Age: 0.1 months
  • Pools: 0
  • Holders: 8,248

Why it matches:
    • Chain age: 0.1 months
  • Market cap: $51.3M
  • Trading activity: 68,246 swaps

Risk factors:
    • High PSL: 21.6% of top 10


CA: 0xab093def657f15df31b33922a95e047add645b29
  ✓ Alert sent to Discord
🏗️  INFRASTRUCTURE FLYWHEEL MATCH

Project: $Ponsan on Robinhood Chain

Metrics:
  • MC: $6.3M
  • Age: 0.0 months
  • Pools: 0
  • Holders: 9,118

Why it matches:
    • Chain age: 0.0 months
  • Market cap: $6.3M
  • Trading activity: 61,815 swaps

Risk factors:
    • High PSL: 11.0% of top 10


CA: 0x97216593d3b2769da6f0adeee6fb8e36da4e319f
  ✓ Alert sent to Discord
🏗️  INFRASTRUCTURE FLYWHEEL MATCH

Project: $par on Robinhood Chain

Metrics:
  • MC: $5.4M
  • Age: 0.0 months
  • Pools: 0
  • Holders: 4,091

Why it matches:
    • Chain age: 0.0 months
  • Market cap: $5.4M
  • Trading activity: 36,096 swaps

Risk factors:
    • High PSL: 15.6% of top 10


CA: 0x507b6f349a80114097a67b8b4677367acc15b220
  ✓ Alert sent to Discord
🏗️  INFRASTRUCTURE FLYWHEEL MATCH

Project: $SPCX on Robinhood Chain

Metrics:
  • MC: $8.8M
  • Age: 0.0 months
  • Pools: 0
  • Holders: 81,918

Why it matches:
    • Chain age: 0.0 months
  • Market cap: $8.8M
  • Trading activity: 245,012 swaps

Risk factors:
    • High PSL: 29.4% of top 10


CA: 0x4a0e65a3eccec6dbe60ae065f2e7bb85fae35eea
  ✓ Alert sent to Discord
🏗️  INFRASTRUCTURE FLYWHEEL MATCH

Project: $SPY on Robinhood Chain

Metrics:
  • MC: $17.5M
  • Age: 0.0 months
  • Pools: 0
  • Holders: 58,691

Why it matches:
    • Chain age: 0.0 months
  • Market cap: $17.5M
  • Trading activity: 171,316 swaps

Risk factors:
    • High PSL: 14.8% of top 10


CA: 0x117cc2133c37b721f49de2a7a74833232b3b4c0c
  ✓ Alert sent to Discord
🏗️  INFRASTRUCTURE FLYWHEEL MATCH

Project: $NVDA on Robinhood Chain

Metrics:
  • MC: $15.2M
  • Age: 0.0 months
  • Pools: 0
  • Holders: 109,681

Why it matches:
    • Chain age: 0.0 months
  • Market cap: $15.2M
  • Trading activity: 189,325 swaps

Risk factors:
    • High PSL: 23.8% of top 10


CA: 0xd0601ce157db5bdc3162bbac2a2c8af5320d9eec
  ✓ Alert sent to Discord
🏗️  INFRASTRUCTURE FLYWHEEL MATCH

Project: $microduck on Robinhood Chain

Metrics:
  • MC: $31.0M
  • Age: 0.3 months
  • Pools: 0
  • Holders: 19,495

Why it matches:
    • Chain age: 0.3 months
  • Market cap: $31.0M
  • Trading activity: 20,239 swaps

Risk factors:
    • High PSL: 17.0% of top 10


CA: 0xd5f1afea47b1a9eab414d2ee740cf1d6d039e725
  ✓ Alert sent to Discord
🏗️  INFRASTRUCTURE FLYWHEEL MATCH

Project: $FATCOIN on Robinhood Chain

Metrics:
  • MC: $27.5M
  • Age: 0.1 months
  • Pools: 0
  • Holders: 7,762

Why it matches:
    • Chain age: 0.1 months
  • Market cap: $27.5M
  • Trading activity: 18,495 swaps

Risk factors:
    • High PSL: 11.1% of top 10


CA: 0x12d5ee7917ca430073c3a638ee1e6f0648a98a01
  ✓ Alert sent to Discord
🏗️  INFRASTRUCTURE FLYWHEEL MATCH

Project: $ROBINCAT on Robinhood Chain

Metrics:
  • MC: $9.8M
  • Age: 0.2 months
  • Pools: 0
  • Holders: 11,933

Why it matches:
    • Chain age: 0.2 months
  • Market cap: $9.8M
  • Trading activity: 19,898 swaps

Risk factors:
    • High PSL: 13.6% of top 10


CA: 0xded852de9fe9ba9b6f27f39e8e81cf851a5c79cc
  Discord message send failed: 429
🏗️  INFRASTRUCTURE FLYWHEEL MATCH

Project: $NUKE on Robinhood Chain

Metrics:
  • MC: $5.6M
  • Age: 0.0 months
  • Pools: 0
  • Holders: 1,093

Why it matches:
    • Chain age: 0.0 months
  • Market cap: $5.6M
  • Trading activity: 16,916 swaps

Risk factors:
    • High PSL: 82.5% of top 10
  • Concentration: Top 10 holds 82.5%


CA: 0x0000000005aca17e8bd5779fc87e13cb433aed24
  ✓ Alert sent to Discord
🏗️  INFRASTRUCTURE FLYWHEEL MATCH

Project: $BONER on Robinhood Chain

Metrics:
  • MC: $38.4M
  • Age: 0.3 months
  • Pools: 0
  • Holders: 17,247

Why it matches:
    • Chain age: 0.3 months
  • Market cap: $38.4M
  • Trading activity: 16,171 swaps

Risk factors:
    • High PSL: 16.2% of top 10


CA: 0x98096d17e191b3da1d5f99a6d7b3584351b11e18
  Discord message send failed: 429
🏗️  INFRASTRUCTURE FLYWHEEL MATCH

Project: $GRASS on Robinhood Chain

Metrics:
  • MC: $9.5M
  • Age: 0.1 months
  • Pools: 0
  • Holders: 6,915

Why it matches:
    • Chain age: 0.1 months
  • Market cap: $9.5M
  • Trading activity: 17,027 swaps

Risk factors:
    • High PSL: 13.5% of top 10


CA: 0x16391c40e85fb2246a2c8c17bfa2594c5d3ef84b
  ✓ Alert sent to Discord
🏗️  INFRASTRUCTURE FLYWHEEL MATCH

Project: $NUDES on Robinhood Chain

Metrics:
  • MC: $26.0M
  • Age: 0.1 months
  • Pools: 0
  • Holders: 8,354

Why it matches:
    • Chain age: 0.1 months
  • Market cap: $26.0M
  • Trading activity: 16,106 swaps

Risk factors:
    • High PSL: 10.7% of top 10


CA: 0xbe98b75361935b18d688409424a869a4c3dc7401
  ✓ Alert sent to Discord
🏗️  INFRASTRUCTURE FLYWHEEL MATCH

Project: $PAIR on Robinhood Chain

Metrics:
  • MC: $15.3M
  • Age: 0.1 months
  • Pools: 0
  • Holders: 6,282

Why it matches:
    • Chain age: 0.1 months
  • Market cap: $15.3M
  • Trading activity: 13,531 swaps

Risk factors:
    • High PSL: 11.5% of top 10


CA: 0x6b1d42927b1a84ec28fa88d4fc6fa7af404966be
  Discord message send failed: 429
🏗️  INFRASTRUCTURE FLYWHEEL MATCH

Project: $UBIK on Robinhood Chain

Metrics:
  • MC: $16.8M
  • Age: 0.1 months
  • Pools: 0
  • Holders: 6,161

Why it matches:
    • Chain age: 0.1 months
  • Market cap: $16.8M
  • Trading activity: 11,032 swaps

Risk factors:
    • High PSL: 18.1% of top 10


CA: 0x812486eaea648819853f8e372dc9f1516c7868bd
  ✓ Alert sent to Discord
🏗️  INFRASTRUCTURE FLYWHEEL MATCH

Project: $STONKBROKER on Robinhood Chain

Metrics:
  • MC: $39.4M
  • Age: 1.3 months
  • Pools: 0
  • Holders: 33,620

Why it matches:
    • Chain age: 1.3 months
  • Market cap: $39.4M
  • Trading activity: 9,417 swaps

Risk factors:
    • High PSL: 56.7% of top 10
  • Concentration: Top 10 holds 56.7%


CA: 0xe934e36a439c94017b64a3fece66af12099abf50
  Discord message send failed: 429
🏗️  INFRASTRUCTURE FLYWHEEL MATCH

Project: $PROLOGUE on Robinhood Chain

Metrics:
  • MC: $10.3M
  • Age: 0.6 months
  • Pools: 0
  • Holders: 7,702

Why it matches:
    • Chain age: 0.6 months
  • Market cap: $10.3M
  • Trading activity: 9,721 swaps

Risk factors:
    • High PSL: 18.6% of top 10


CA: 0xb9972ca7188e511174947e3936a5315ac7073277
  ✓ Alert sent to Discord
🏗️  INFRASTRUCTURE FLYWHEEL MATCH

Project: $GG on Robinhood Chain

Metrics:
  • MC: $7.1M
  • Age: 0.3 months
  • Pools: 0
  • Holders: 6,391

Why it matches:
    • Chain age: 0.3 months
  • Market cap: $7.1M
  • Trading activity: 6,940 swaps

Risk factors:
    • High PSL: 16.6% of top 10


CA: 0xcacb0e9caccee63ec4d82952e561a291c68bcb68
  Discord message send failed: 429
🏗️  INFRASTRUCTURE FLYWHEEL MATCH

Project: $FRONG on Robinhood Chain

Metrics:
  • MC: $8.0M
  • Age: 1.2 months
  • Pools: 0
  • Holders: 14,821

Why it matches:
    • Chain age: 1.2 months
  • Market cap: $8.0M
  • Trading activity: 5,269 swaps

Risk factors:
    • High PSL: 15.4% of top 10


CA: 0x6245e67affa44a23077f0ea7f981a8dc743a0c47
  Discord message send failed: 429
🏗️  INFRASTRUCTURE FLYWHEEL MATCH

Project: $AAPL on Robinhood Chain

Metrics:
  • MC: $5.7M
  • Age: 0.0 months
  • Pools: 0
  • Holders: 64,089

Why it matches:
    • Chain age: 0.0 months
  • Market cap: $5.7M
  • Trading activity: 24,384 swaps

Risk factors:
    • High PSL: 36.6% of top 10


CA: 0xaf3d76f1834a1d425780943c99ea8a608f8a93f9
  ✓ Alert sent to Discord
🏗️  INFRASTRUCTURE FLYWHEEL MATCH

Project: $AMC on Robinhood Chain

Metrics:
  • MC: $7.4M
  • Age: 0.0 months
  • Pools: 0
  • Holders: 8,014

Why it matches:
    • Chain age: 0.0 months
  • Market cap: $7.4M
  • Trading activity: 19,204 swaps

Risk factors:
    • High PSL: 30.6% of top 10


CA: 0x05a3d1cd21d0c88145e82600e62e7e496e0f222b
  Discord message send failed: 429
🏗️  INFRASTRUCTURE FLYWHEEL MATCH

Project: $RAM on Robinhood Chain

Metrics:
  • MC: $5.8M
  • Age: 0.7 months
  • Pools: 0
  • Holders: 9,682

Why it matches:
    • Chain age: 0.7 months
  • Market cap: $5.8M
  • Trading activity: 4,909 swaps

Risk factors:
    • High PSL: 13.4% of top 10


CA: 0x5173d45a1191ee33cbb7d8c7e65f21b04ed54802
  ✓ Alert sent to Discord
🏗️  INFRASTRUCTURE FLYWHEEL MATCH

Project: $DELTA on Robinhood Chain

Metrics:
  • MC: $13.8M
  • Age: 1.2 months
  • Pools: 0
  • Holders: 15,328

Why it matches:
    • Chain age: 1.2 months
  • Market cap: $13.8M
  • Trading activity: 7,942 swaps

Risk factors:
    • High PSL: 27.4% of top 10


CA: 0xe8ffd7e24187f72afb08d75b1bb13088a989a791
  Discord message send failed: 429
🏗️  INFRASTRUCTURE FLYWHEEL MATCH

Project: $MOO on Robinhood Chain

Metrics:
  • MC: $25.4M
  • Age: 1.5 months
  • Pools: 0
  • Holders: 6,177

Why it matches:
    • Chain age: 1.5 months
  • Market cap: $25.4M
  • Trading activity: 11,340 swaps

Risk factors:
    • High PSL: 14.7% of top 10


CA: 0xd9db30bb0d2b8d2eae3826a1372117e058791e18
  ✓ Alert sent to Discord
🏗️  INFRASTRUCTURE FLYWHEEL MATCH

Project: $BUN on Robinhood Chain

Metrics:
  • MC: $22.1M
  • Age: 0.1 months
  • Pools: 0
  • Holders: 1,667

Why it matches:
    • Chain age: 0.1 months
  • Market cap: $22.1M
  • Trading activity: 3,432 swaps

Risk factors:
    • High PSL: 74.5% of top 10
  • Concentration: Top 10 holds 74.5%


CA: 0x07ebb29a38fbcb41563817e5e19f2cec619c90d2
  Discord message send failed: 429
🏗️  INFRASTRUCTURE FLYWHEEL MATCH

Project: $DTF on Robinhood Chain

Metrics:
  • MC: $5.9M
  • Age: 0.4 months
  • Pools: 0
  • Holders: 8,392

Why it matches:
    • Chain age: 0.4 months
  • Market cap: $5.9M
  • Trading activity: 3,178 swaps

Risk factors:
    • High PSL: 37.8% of top 10


CA: 0xee5576fa1bcaa380e591d01245f406f3f384eb01
  ✓ Alert sent to Discord
🏗️  INFRASTRUCTURE FLYWHEEL MATCH

Project: $HOOKR on Robinhood Chain

Metrics:
  • MC: $19.9M
  • Age: 1.0 months
  • Pools: 0
  • Holders: 6,650

Why it matches:
    • Chain age: 1.0 months
  • Market cap: $19.9M
  • Trading activity: 7,930 swaps

Risk factors:
    • High PSL: 15.3% of top 10


CA: 0x18e674231a58c239dc7daedcffe15ec3a24cff5c
  Discord message send failed: 429

Scan complete in 20.3s - Found 29 matches

[2026-09-05T20:35:19.512Z] Running scan...

Found 100 coins to evaluate

🏗️  INFRASTRUCTURE FLYWHEEL MATCH

Project: $ZZZ on Robinhood Chain

Metrics:
  • MC: $14.3M
  • Age: 0.0 months
  • Pools: 0
  • Holders: 7,827

Why it matches:
    • Chain age: 0.0 months
  • Market cap: $14.3M
  • Trading activity: 91,014 swaps

Risk factors:
    • High PSL: 18.0% of top 10


CA: 0x7dbf38976f6d3b9c529e7d9484a71898b409ee6a
  ✓ Alert sent to Discord
🏗️  INFRASTRUCTURE FLYWHEEL MATCH

Project: $MEME on Robinhood Chain

Metrics:
  • MC: $38.0M
  • Age: 0.1 months
  • Pools: 0
  • Holders: 25,151

Why it matches:
    • Chain age: 0.1 months
  • Market cap: $38.0M
  • Trading activity: 76,918 swaps



CA: 0x385f4f8ae47651ce5f58f5265395a669f8281e18
  ✓ Alert sent to Discord
🏗️  INFRASTRUCTURE FLYWHEEL MATCH

Project: $SHROOM on Robinhood Chain

Metrics:
  • MC: $54.1M
  • Age: 0.1 months
  • Pools: 0
  • Holders: 8,277

Why it matches:
    • Chain age: 0.1 months
  • Market cap: $54.1M
  • Trading activity: 68,280 swaps

Risk factors:
    • High PSL: 21.6% of top 10


CA: 0xab093def657f15df31b33922a95e047add645b29
  ✓ Alert sent to Discord
🏗️  INFRASTRUCTURE FLYWHEEL MATCH

Project: $Ponsan on Robinhood Chain

Metrics:
  • MC: $8.1M
  • Age: 0.0 months
  • Pools: 0
  • Holders: 9,138

Why it matches:
    • Chain age: 0.0 months
  • Market cap: $8.1M
  • Trading activity: 62,962 swaps

Risk factors:
    • High PSL: 11.0% of top 10


CA: 0x97216593d3b2769da6f0adeee6fb8e36da4e319f
  ✓ Alert sent to Discord
🏗️  INFRASTRUCTURE FLYWHEEL MATCH

Project: $SPCX on Robinhood Chain

Metrics:
  • MC: $8.8M
  • Age: 0.0 months
  • Pools: 0
  • Holders: 81,998

Why it matches:
    • Chain age: 0.0 months
  • Market cap: $8.8M
  • Trading activity: 246,069 swaps

Risk factors:
    • High PSL: 29.4% of top 10


CA: 0x4a0e65a3eccec6dbe60ae065f2e7bb85fae35eea
  ✓ Alert sent to Discord
🏗️  INFRASTRUCTURE FLYWHEEL MATCH

Project: $SPY on Robinhood Chain

Metrics:
  • MC: $17.5M
  • Age: 0.0 months
  • Pools: 0
  • Holders: 59,314

Why it matches:
    • Chain age: 0.0 months
  • Market cap: $17.5M
  • Trading activity: 172,190 swaps

Risk factors:
    • High PSL: 14.9% of top 10


CA: 0x117cc2133c37b721f49de2a7a74833232b3b4c0c
  ✓ Alert sent to Discord
🏗️  INFRASTRUCTURE FLYWHEEL MATCH

Project: $NVDA on Robinhood Chain

Metrics:
  • MC: $15.2M
  • Age: 0.0 months
  • Pools: 0
  • Holders: 109,717

Why it matches:
    • Chain age: 0.0 months
  • Market cap: $15.2M
  • Trading activity: 189,541 swaps

Risk factors:
    • High PSL: 23.8% of top 10


CA: 0xd0601ce157db5bdc3162bbac2a2c8af5320d9eec
  ✓ Alert sent to Discord
🏗️  INFRASTRUCTURE FLYWHEEL MATCH

Project: $microduck on Robinhood Chain

Metrics:
  • MC: $30.8M
  • Age: 0.3 months
  • Pools: 0
  • Holders: 19,486

Why it matches:
    • Chain age: 0.3 months
  • Market cap: $30.8M
  • Trading activity: 20,157 swaps

Risk factors:
    • High PSL: 17.0% of top 10


CA: 0xd5f1afea47b1a9eab414d2ee740cf1d6d039e725
  ✓ Alert sent to Discord
🏗️  INFRASTRUCTURE FLYWHEEL MATCH

Project: $FATCOIN on Robinhood Chain

Metrics:
  • MC: $27.1M
  • Age: 0.1 months
  • Pools: 0
  • Holders: 7,743

Why it matches:
    • Chain age: 0.1 months
  • Market cap: $27.1M
  • Trading activity: 18,137 swaps

Risk factors:
    • High PSL: 11.1% of top 10


CA: 0x12d5ee7917ca430073c3a638ee1e6f0648a98a01
  ✓ Alert sent to Discord
🏗️  INFRASTRUCTURE FLYWHEEL MATCH

Project: $ROBINCAT on Robinhood Chain

Metrics:
  • MC: $9.6M
  • Age: 0.2 months
  • Pools: 0
  • Holders: 11,920

Why it matches:
    • Chain age: 0.2 months
  • Market cap: $9.6M
  • Trading activity: 19,864 swaps

Risk factors:
    • High PSL: 13.6% of top 10


CA: 0xded852de9fe9ba9b6f27f39e8e81cf851a5c79cc
  ✓ Alert sent to Discord
🏗️  INFRASTRUCTURE FLYWHEEL MATCH

Project: $NUKE on Robinhood Chain

Metrics:
  • MC: $5.5M
  • Age: 0.0 months
  • Pools: 0
  • Holders: 1,094

Why it matches:
    • Chain age: 0.0 months
  • Market cap: $5.5M
  • Trading activity: 16,946 swaps

Risk factors:
    • High PSL: 83.6% of top 10
  • Concentration: Top 10 holds 83.6%


CA: 0x0000000005aca17e8bd5779fc87e13cb433aed24
  ✓ Alert sent to Discord
🏗️  INFRASTRUCTURE FLYWHEEL MATCH

Project: $BONER on Robinhood Chain

Metrics:
  • MC: $38.1M
  • Age: 0.3 months
  • Pools: 0
  • Holders: 17,242

Why it matches:
    • Chain age: 0.3 months
  • Market cap: $38.1M
  • Trading activity: 16,188 swaps

Risk factors:
    • High PSL: 16.2% of top 10


CA: 0x98096d17e191b3da1d5f99a6d7b3584351b11e18
  Discord message send failed: 429
🏗️  INFRASTRUCTURE FLYWHEEL MATCH

Project: $GRASS on Robinhood Chain

Metrics:
  • MC: $9.4M
  • Age: 0.1 months
  • Pools: 0
  • Holders: 6,912

Why it matches:
    • Chain age: 0.1 months
  • Market cap: $9.4M
  • Trading activity: 16,918 swaps

Risk factors:
    • High PSL: 13.5% of top 10


CA: 0x16391c40e85fb2246a2c8c17bfa2594c5d3ef84b
  ✓ Alert sent to Discord
🏗️  INFRASTRUCTURE FLYWHEEL MATCH

Project: $NUDES on Robinhood Chain

Metrics:
  • MC: $26.0M
  • Age: 0.1 months
  • Pools: 0
  • Holders: 8,342

Why it matches:
    • Chain age: 0.1 months
  • Market cap: $26.0M
  • Trading activity: 16,022 swaps

Risk factors:
    • High PSL: 10.7% of top 10


CA: 0xbe98b75361935b18d688409424a869a4c3dc7401
  Discord message send failed: 429
🏗️  INFRASTRUCTURE FLYWHEEL MATCH

Project: $PAIR on Robinhood Chain

Metrics:
  • MC: $15.1M
  • Age: 0.1 months
  • Pools: 0
  • Holders: 6,278

Why it matches:
    • Chain age: 0.1 months
  • Market cap: $15.1M
  • Trading activity: 13,535 swaps

Risk factors:
    • High PSL: 11.5% of top 10


CA: 0x6b1d42927b1a84ec28fa88d4fc6fa7af404966be
  Discord message send failed: 429
🏗️  INFRASTRUCTURE FLYWHEEL MATCH

Project: $UBIK on Robinhood Chain

Metrics:
  • MC: $16.4M
  • Age: 0.1 months
  • Pools: 0
  • Holders: 6,150

Why it matches:
    • Chain age: 0.1 months
  • Market cap: $16.4M
  • Trading activity: 11,077 swaps

Risk factors:
    • High PSL: 18.1% of top 10


CA: 0x812486eaea648819853f8e372dc9f1516c7868bd
  ✓ Alert sent to Discord
🏗️  INFRASTRUCTURE FLYWHEEL MATCH

Project: $STONKBROKER on Robinhood Chain

Metrics:
  • MC: $39.3M
  • Age: 1.3 months
  • Pools: 0
  • Holders: 33,622

Why it matches:
    • Chain age: 1.3 months
  • Market cap: $39.3M
  • Trading activity: 9,369 swaps

Risk factors:
    • High PSL: 56.7% of top 10
  • Concentration: Top 10 holds 56.7%


CA: 0xe934e36a439c94017b64a3fece66af12099abf50
  Discord message send failed: 429
🏗️  INFRASTRUCTURE FLYWHEEL MATCH

Project: $PROLOGUE on Robinhood Chain

Metrics:
  • MC: $9.3M
  • Age: 0.6 months
  • Pools: 0
  • Holders: 7,706

Why it matches:
    • Chain age: 0.6 months
  • Market cap: $9.3M
  • Trading activity: 9,816 swaps

Risk factors:
    • High PSL: 18.6% of top 10


CA: 0xb9972ca7188e511174947e3936a5315ac7073277
  Discord message send failed: 429
🏗️  INFRASTRUCTURE FLYWHEEL MATCH

Project: $GG on Robinhood Chain

Metrics:
  • MC: $7.3M
  • Age: 0.3 months
  • Pools: 0
  • Holders: 6,400

Why it matches:
    • Chain age: 0.3 months
  • Market cap: $7.3M
  • Trading activity: 7,014 swaps

Risk factors:
    • High PSL: 16.6% of top 10


CA: 0xcacb0e9caccee63ec4d82952e561a291c68bcb68
  ✓ Alert sent to Discord
🏗️  INFRASTRUCTURE FLYWHEEL MATCH

Project: $FRONG on Robinhood Chain

Metrics:
  • MC: $8.0M
  • Age: 1.2 months
  • Pools: 0
  • Holders: 14,818

Why it matches:
    • Chain age: 1.2 months
  • Market cap: $8.0M
  • Trading activity: 5,266 swaps

Risk factors:
    • High PSL: 15.4% of top 10


CA: 0x6245e67affa44a23077f0ea7f981a8dc743a0c47
  Discord message send failed: 429
🏗️  INFRASTRUCTURE FLYWHEEL MATCH

Project: $AAPL on Robinhood Chain

Metrics:
  • MC: $5.7M
  • Age: 0.0 months
  • Pools: 0
  • Holders: 64,075

Why it matches:
    • Chain age: 0.0 months
  • Market cap: $5.7M
  • Trading activity: 24,460 swaps

Risk factors:
    • High PSL: 36.6% of top 10


CA: 0xaf3d76f1834a1d425780943c99ea8a608f8a93f9
  Discord message send failed: 429
🏗️  INFRASTRUCTURE FLYWHEEL MATCH

Project: $AMC on Robinhood Chain

Metrics:
  • MC: $7.4M
  • Age: 0.0 months
  • Pools: 0
  • Holders: 8,018

Why it matches:
    • Chain age: 0.0 months
  • Market cap: $7.4M
  • Trading activity: 19,377 swaps

Risk factors:
    • High PSL: 30.7% of top 10


CA: 0x05a3d1cd21d0c88145e82600e62e7e496e0f222b
  ✓ Alert sent to Discord
🏗️  INFRASTRUCTURE FLYWHEEL MATCH

Project: $MOO on Robinhood Chain

Metrics:
  • MC: $23.7M
  • Age: 1.5 months
  • Pools: 0
  • Holders: 6,212

Why it matches:
    • Chain age: 1.5 months
  • Market cap: $23.7M
  • Trading activity: 11,597 swaps

Risk factors:
    • High PSL: 14.7% of top 10


CA: 0xd9db30bb0d2b8d2eae3826a1372117e058791e18
  Discord message send failed: 429
🏗️  INFRASTRUCTURE FLYWHEEL MATCH

Project: $RAM on Robinhood Chain

Metrics:
  • MC: $5.8M
  • Age: 0.7 months
  • Pools: 0
  • Holders: 9,672

Why it matches:
    • Chain age: 0.7 months
  • Market cap: $5.8M
  • Trading activity: 4,885 swaps

Risk factors:
    • High PSL: 13.4% of top 10


CA: 0x5173d45a1191ee33cbb7d8c7e65f21b04ed54802
  ✓ Alert sent to Discord
🏗️  INFRASTRUCTURE FLYWHEEL MATCH

Project: $DELTA on Robinhood Chain

Metrics:
  • MC: $14.0M
  • Age: 1.2 months
  • Pools: 0
  • Holders: 15,331

Why it matches:
    • Chain age: 1.2 months
  • Market cap: $14.0M
  • Trading activity: 7,930 swaps

Risk factors:
    • High PSL: 27.4% of top 10


CA: 0xe8ffd7e24187f72afb08d75b1bb13088a989a791
  Discord message send failed: 429
🏗️  INFRASTRUCTURE FLYWHEEL MATCH

Project: $BUN on Robinhood Chain

Metrics:
  • MC: $23.6M
  • Age: 0.1 months
  • Pools: 0
  • Holders: 1,674

Why it matches:
    • Chain age: 0.1 months
  • Market cap: $23.6M
  • Trading activity: 3,442 swaps

Risk factors:
    • High PSL: 74.5% of top 10
  • Concentration: Top 10 holds 74.5%


CA: 0x07ebb29a38fbcb41563817e5e19f2cec619c90d2
  ✓ Alert sent to Discord
🏗️  INFRASTRUCTURE FLYWHEEL MATCH

Project: $DTF on Robinhood Chain

Metrics:
  • MC: $5.9M
  • Age: 0.4 months
  • Pools: 0
  • Holders: 8,389

Why it matches:
    • Chain age: 0.4 months
  • Market cap: $5.9M
  • Trading activity: 3,163 swaps

Risk factors:
    • High PSL: 37.8% of top 10


CA: 0xee5576fa1bcaa380e591d01245f406f3f384eb01
  Discord message send failed: 429
🏗️  INFRASTRUCTURE FLYWHEEL MATCH

Project: $HOOKR on Robinhood Chain

Metrics:
  • MC: $19.6M
  • Age: 1.0 months
  • Pools: 0
  • Holders: 6,653

Why it matches:
    • Chain age: 1.0 months
  • Market cap: $19.6M
  • Trading activity: 7,934 swaps

Risk factors:
    • High PSL: 15.3% of top 10


CA: 0x18e674231a58c239dc7daedcffe15ec3a24cff5c
  ✓ Alert sent to Discord

Scan complete in 19.0s - Found 28 matches

[2026-09-05T20:45:38.485Z] Running scan...

Found 100 coins to evaluate

🏗️  INFRASTRUCTURE FLYWHEEL MATCH

Project: $ZZZ on Robinhood Chain

Metrics:
  • MC: $14.3M
  • Age: 0.0 months
  • Pools: 0
  • Holders: 7,811

Why it matches:
    • Chain age: 0.0 months
  • Market cap: $14.3M
  • Trading activity: 91,115 swaps

Risk factors:
    • High PSL: 18.0% of top 10


CA: 0x7dbf38976f6d3b9c529e7d9484a71898b409ee6a
  ✓ Alert sent to Discord
🏗️  INFRASTRUCTURE FLYWHEEL MATCH

Project: $MEME on Robinhood Chain

Metrics:
  • MC: $38.4M
  • Age: 0.1 months
  • Pools: 0
  • Holders: 25,199

Why it matches:
    • Chain age: 0.1 months
  • Market cap: $38.4M
  • Trading activity: 77,152 swaps



CA: 0x385f4f8ae47651ce5f58f5265395a669f8281e18
  ✓ Alert sent to Discord
🏗️  INFRASTRUCTURE FLYWHEEL MATCH

Project: $SHROOM on Robinhood Chain

Metrics:
  • MC: $54.9M
  • Age: 0.1 months
  • Pools: 0
  • Holders: 8,299

Why it matches:
    • Chain age: 0.1 months
  • Market cap: $54.9M
  • Trading activity: 68,369 swaps

Risk factors:
    • High PSL: 21.6% of top 10


CA: 0xab093def657f15df31b33922a95e047add645b29
  ✓ Alert sent to Discord
🏗️  INFRASTRUCTURE FLYWHEEL MATCH

Project: $Ponsan on Robinhood Chain

Metrics:
  • MC: $8.7M
  • Age: 0.0 months
  • Pools: 0
  • Holders: 9,279

Why it matches:
    • Chain age: 0.0 months
  • Market cap: $8.7M
  • Trading activity: 64,123 swaps

Risk factors:
    • High PSL: 11.0% of top 10


CA: 0x97216593d3b2769da6f0adeee6fb8e36da4e319f
  ✓ Alert sent to Discord
🏗️  INFRASTRUCTURE FLYWHEEL MATCH

Project: $par on Robinhood Chain

Metrics:
  • MC: $5.3M
  • Age: 0.0 months
  • Pools: 0
  • Holders: 4,088

Why it matches:
    • Chain age: 0.0 months
  • Market cap: $5.3M
  • Trading activity: 34,865 swaps

Risk factors:
    • High PSL: 15.6% of top 10


CA: 0x507b6f349a80114097a67b8b4677367acc15b220
  ✓ Alert sent to Discord
🏗️  INFRASTRUCTURE FLYWHEEL MATCH

Project: $SPCX on Robinhood Chain

Metrics:
  • MC: $8.8M
  • Age: 0.0 months
  • Pools: 0
  • Holders: 82,010

Why it matches:
    • Chain age: 0.0 months
  • Market cap: $8.8M
  • Trading activity: 247,935 swaps

Risk factors:
    • High PSL: 29.3% of top 10


CA: 0x4a0e65a3eccec6dbe60ae065f2e7bb85fae35eea
  ✓ Alert sent to Discord
🏗️  INFRASTRUCTURE FLYWHEEL MATCH

Project: $SPY on Robinhood Chain

Metrics:
  • MC: $17.4M
  • Age: 0.0 months
  • Pools: 0
  • Holders: 59,243

Why it matches:
    • Chain age: 0.0 months
  • Market cap: $17.4M
  • Trading activity: 173,562 swaps

Risk factors:
    • High PSL: 14.8% of top 10


CA: 0x117cc2133c37b721f49de2a7a74833232b3b4c0c
  ✓ Alert sent to Discord
🏗️  INFRASTRUCTURE FLYWHEEL MATCH

Project: $NVDA on Robinhood Chain

Metrics:
  • MC: $15.2M
  • Age: 0.0 months
  • Pools: 0
  • Holders: 109,720

Why it matches:
    • Chain age: 0.0 months
  • Market cap: $15.2M
  • Trading activity: 188,916 swaps

Risk factors:
    • High PSL: 23.8% of top 10


CA: 0xd0601ce157db5bdc3162bbac2a2c8af5320d9eec
  ✓ Alert sent to Discord
🏗️  INFRASTRUCTURE FLYWHEEL MATCH

Project: $microduck on Robinhood Chain

Metrics:
  • MC: $30.4M
  • Age: 0.3 months
  • Pools: 0
  • Holders: 19,483

Why it matches:
    • Chain age: 0.3 months
  • Market cap: $30.4M
  • Trading activity: 20,098 swaps

Risk factors:
    • High PSL: 17.0% of top 10


CA: 0xd5f1afea47b1a9eab414d2ee740cf1d6d039e725
  ✓ Alert sent to Discord
🏗️  INFRASTRUCTURE FLYWHEEL MATCH

Project: $FATCOIN on Robinhood Chain

Metrics:
  • MC: $27.7M
  • Age: 0.1 months
  • Pools: 0
  • Holders: 7,744

Why it matches:
    • Chain age: 0.1 months
  • Market cap: $27.7M
  • Trading activity: 17,967 swaps

Risk factors:
    • High PSL: 11.1% of top 10


CA: 0x12d5ee7917ca430073c3a638ee1e6f0648a98a01
  ✓ Alert sent to Discord
🏗️  INFRASTRUCTURE FLYWHEEL MATCH

Project: $ROBINCAT on Robinhood Chain

Metrics:
  • MC: $9.6M
  • Age: 0.2 months
  • Pools: 0
  • Holders: 11,912

Why it matches:
    • Chain age: 0.2 months
  • Market cap: $9.6M
  • Trading activity: 19,812 swaps

Risk factors:
    • High PSL: 13.6% of top 10


CA: 0xded852de9fe9ba9b6f27f39e8e81cf851a5c79cc
  ✓ Alert sent to Discord
🏗️  INFRASTRUCTURE FLYWHEEL MATCH

Project: $BONER on Robinhood Chain

Metrics:
  • MC: $36.7M
  • Age: 0.3 months
  • Pools: 0
  • Holders: 17,224

Why it matches:
    • Chain age: 0.3 months
  • Market cap: $36.7M
  • Trading activity: 16,182 swaps

Risk factors:
    • High PSL: 16.2% of top 10


CA: 0x98096d17e191b3da1d5f99a6d7b3584351b11e18
  ✓ Alert sent to Discord
🏗️  INFRASTRUCTURE FLYWHEEL MATCH

Project: $GRASS on Robinhood Chain

Metrics:
  • MC: $9.1M
  • Age: 0.1 months
  • Pools: 0
  • Holders: 6,900

Why it matches:
    • Chain age: 0.1 months
  • Market cap: $9.1M
  • Trading activity: 16,837 swaps

Risk factors:
    • High PSL: 13.4% of top 10


CA: 0x16391c40e85fb2246a2c8c17bfa2594c5d3ef84b
  Discord message send failed: 429
🏗️  INFRASTRUCTURE FLYWHEEL MATCH

Project: $NUDES on Robinhood Chain

Metrics:
  • MC: $25.0M
  • Age: 0.1 months
  • Pools: 0
  • Holders: 8,340

Why it matches:
    • Chain age: 0.1 months
  • Market cap: $25.0M
  • Trading activity: 15,909 swaps

Risk factors:
    • High PSL: 10.7% of top 10


CA: 0xbe98b75361935b18d688409424a869a4c3dc7401
  ✓ Alert sent to Discord
🏗️  INFRASTRUCTURE FLYWHEEL MATCH

Project: $PAIR on Robinhood Chain

Metrics:
  • MC: $15.4M
  • Age: 0.1 months
  • Pools: 0
  • Holders: 6,280

Why it matches:
    • Chain age: 0.1 months
  • Market cap: $15.4M
  • Trading activity: 13,537 swaps

Risk factors:
    • High PSL: 11.5% of top 10


CA: 0x6b1d42927b1a84ec28fa88d4fc6fa7af404966be
  ✓ Alert sent to Discord
🏗️  INFRASTRUCTURE FLYWHEEL MATCH

Project: $UBIK on Robinhood Chain

Metrics:
  • MC: $15.6M
  • Age: 0.1 months
  • Pools: 0
  • Holders: 6,121

Why it matches:
    • Chain age: 0.1 months
  • Market cap: $15.6M
  • Trading activity: 11,125 swaps

Risk factors:
    • High PSL: 18.1% of top 10


CA: 0x812486eaea648819853f8e372dc9f1516c7868bd
  ✓ Alert sent to Discord
🏗️  INFRASTRUCTURE FLYWHEEL MATCH

Project: $STONKBROKER on Robinhood Chain

Metrics:
  • MC: $39.1M
  • Age: 1.3 months
  • Pools: 0
  • Holders: 33,619

Why it matches:
    • Chain age: 1.3 months
  • Market cap: $39.1M
  • Trading activity: 9,340 swaps

Risk factors:
    • High PSL: 56.7% of top 10
  • Concentration: Top 10 holds 56.7%


CA: 0xe934e36a439c94017b64a3fece66af12099abf50
  ✓ Alert sent to Discord
🏗️  INFRASTRUCTURE FLYWHEEL MATCH

Project: $PROLOGUE on Robinhood Chain

Metrics:
  • MC: $9.3M
  • Age: 0.6 months
  • Pools: 0
  • Holders: 7,706

Why it matches:
    • Chain age: 0.6 months
  • Market cap: $9.3M
  • Trading activity: 9,867 swaps

Risk factors:
    • High PSL: 18.6% of top 10


CA: 0xb9972ca7188e511174947e3936a5315ac7073277
  Discord message send failed: 429
🏗️  INFRASTRUCTURE FLYWHEEL MATCH

Project: $GG on Robinhood Chain

Metrics:
  • MC: $7.9M
  • Age: 0.3 months
  • Pools: 0
  • Holders: 6,409

Why it matches:
    • Chain age: 0.3 months
  • Market cap: $7.9M
  • Trading activity: 7,068 swaps

Risk factors:
    • High PSL: 16.6% of top 10


CA: 0xcacb0e9caccee63ec4d82952e561a291c68bcb68
  ✓ Alert sent to Discord
🏗️  INFRASTRUCTURE FLYWHEEL MATCH

Project: $FRONG on Robinhood Chain

Metrics:
  • MC: $7.9M
  • Age: 1.2 months
  • Pools: 0
  • Holders: 14,815

Why it matches:
    • Chain age: 1.2 months
  • Market cap: $7.9M
  • Trading activity: 5,248 swaps

Risk factors:
    • High PSL: 15.4% of top 10


CA: 0x6245e67affa44a23077f0ea7f981a8dc743a0c47
  Discord message send failed: 429
🏗️  INFRASTRUCTURE FLYWHEEL MATCH

Project: $AAPL on Robinhood Chain

Metrics:
  • MC: $5.7M
  • Age: 0.0 months
  • Pools: 0
  • Holders: 64,099

Why it matches:
    • Chain age: 0.0 months
  • Market cap: $5.7M
  • Trading activity: 24,495 swaps

Risk factors:
    • High PSL: 36.6% of top 10


CA: 0xaf3d76f1834a1d425780943c99ea8a608f8a93f9
  Discord message send failed: 429
🏗️  INFRASTRUCTURE FLYWHEEL MATCH

Project: $AMC on Robinhood Chain

Metrics:
  • MC: $7.4M
  • Age: 0.0 months
  • Pools: 0
  • Holders: 8,022

Why it matches:
    • Chain age: 0.0 months
  • Market cap: $7.4M
  • Trading activity: 19,297 swaps

Risk factors:
    • High PSL: 30.7% of top 10


CA: 0x05a3d1cd21d0c88145e82600e62e7e496e0f222b
  ✓ Alert sent to Discord
🏗️  INFRASTRUCTURE FLYWHEEL MATCH

Project: $MOO on Robinhood Chain

Metrics:
  • MC: $22.6M
  • Age: 1.5 months
  • Pools: 0
  • Holders: 6,205

Why it matches:
    • Chain age: 1.5 months
  • Market cap: $22.6M
  • Trading activity: 11,603 swaps

Risk factors:
    • High PSL: 14.7% of top 10


CA: 0xd9db30bb0d2b8d2eae3826a1372117e058791e18
  Discord message send failed: 429
🏗️  INFRASTRUCTURE FLYWHEEL MATCH

Project: $RAM on Robinhood Chain

Metrics:
  • MC: $5.8M
  • Age: 0.7 months
  • Pools: 0
  • Holders: 9,666

Why it matches:
    • Chain age: 0.7 months
  • Market cap: $5.8M
  • Trading activity: 4,883 swaps

Risk factors:
    • High PSL: 13.4% of top 10


CA: 0x5173d45a1191ee33cbb7d8c7e65f21b04ed54802
  Discord message send failed: 429
🏗️  INFRASTRUCTURE FLYWHEEL MATCH

Project: $DELTA on Robinhood Chain

Metrics:
  • MC: $14.1M
  • Age: 1.2 months
  • Pools: 0
  • Holders: 15,332

Why it matches:
    • Chain age: 1.2 months
  • Market cap: $14.1M
  • Trading activity: 7,911 swaps

Risk factors:
    • High PSL: 27.4% of top 10


CA: 0xe8ffd7e24187f72afb08d75b1bb13088a989a791
  ✓ Alert sent to Discord
🏗️  INFRASTRUCTURE FLYWHEEL MATCH

Project: $BUN on Robinhood Chain

Metrics:
  • MC: $23.9M
  • Age: 0.1 months
  • Pools: 0
  • Holders: 1,672

Why it matches:
    • Chain age: 0.1 months
  • Market cap: $23.9M
  • Trading activity: 3,448 swaps

Risk factors:
    • High PSL: 74.5% of top 10
  • Concentration: Top 10 holds 74.5%


CA: 0x07ebb29a38fbcb41563817e5e19f2cec619c90d2
  ✓ Alert sent to Discord
🏗️  INFRASTRUCTURE FLYWHEEL MATCH

Project: $DTF on Robinhood Chain

Metrics:
  • MC: $5.9M
  • Age: 0.4 months
  • Pools: 0
  • Holders: 8,385

Why it matches:
    • Chain age: 0.4 months
  • Market cap: $5.9M
  • Trading activity: 3,139 swaps

Risk factors:
    • High PSL: 37.8% of top 10


CA: 0xee5576fa1bcaa380e591d01245f406f3f384eb01
  Discord message send failed: 429
🏗️  INFRASTRUCTURE FLYWHEEL MATCH

Project: $HOOKR on Robinhood Chain

Metrics:
  • MC: $19.1M
  • Age: 1.0 months
  • Pools: 0
  • Holders: 6,652

Why it matches:
    • Chain age: 1.0 months
  • Market cap: $19.1M
  • Trading activity: 7,898 swaps

Risk factors:
    • High PSL: 15.3% of top 10


CA: 0x18e674231a58c239dc7daedcffe15ec3a24cff5c
  Discord message send failed: 429
🏗️  INFRASTRUCTURE FLYWHEEL MATCH

Project: $ORBIO on Robinhood Chain

Metrics:
  • MC: $9.9M
  • Age: 0.2 months
  • Pools: 0
  • Holders: 2,284

Why it matches:
    • Chain age: 0.2 months
  • Market cap: $9.9M
  • Trading activity: 2,996 swaps

Risk factors:
    • High PSL: 29.3% of top 10


CA: 0xaa07a0e9209e16ac99708c3ec70159c6ef3128a3
  ✓ Alert sent to Discord

Scan complete in 22.0s - Found 29 matches

[2026-09-05T20:56:00.529Z] Running scan...

Found 100 coins to evaluate

🏗️  INFRASTRUCTURE FLYWHEEL MATCH

Project: $ZZZ on Robinhood Chain

Metrics:
  • MC: $13.8M
  • Age: 0.0 months
  • Pools: 0
  • Holders: 7,787

Why it matches:
    • Chain age: 0.0 months
  • Market cap: $13.8M
  • Trading activity: 91,186 swaps

Risk factors:
    • High PSL: 18.0% of top 10


CA: 0x7dbf38976f6d3b9c529e7d9484a71898b409ee6a
  ✓ Alert sent to Discord
🏗️  INFRASTRUCTURE FLYWHEEL MATCH

Project: $MEME on Robinhood Chain

Metrics:
  • MC: $37.2M
  • Age: 0.1 months
  • Pools: 0
  • Holders: 25,134

Why it matches:
    • Chain age: 0.1 months
  • Market cap: $37.2M
  • Trading activity: 77,642 swaps



CA: 0x385f4f8ae47651ce5f58f5265395a669f8281e18
  ✓ Alert sent to Discord
🏗️  INFRASTRUCTURE FLYWHEEL MATCH

Project: $SHROOM on Robinhood Chain

Metrics:
  • MC: $55.9M
  • Age: 0.1 months
  • Pools: 0
  • Holders: 8,324

Why it matches:
    • Chain age: 0.1 months
  • Market cap: $55.9M
  • Trading activity: 68,629 swaps

Risk factors:
    • High PSL: 21.6% of top 10


CA: 0xab093def657f15df31b33922a95e047add645b29
  ✓ Alert sent to Discord
🏗️  INFRASTRUCTURE FLYWHEEL MATCH

Project: $Ponsan on Robinhood Chain

Metrics:
  • MC: $7.5M
  • Age: 0.0 months
  • Pools: 0
  • Holders: 9,267

Why it matches:
    • Chain age: 0.0 months
  • Market cap: $7.5M
  • Trading activity: 64,854 swaps

Risk factors:
    • High PSL: 11.1% of top 10


CA: 0x97216593d3b2769da6f0adeee6fb8e36da4e319f
  ✓ Alert sent to Discord
🏗️  INFRASTRUCTURE FLYWHEEL MATCH

Project: $par on Robinhood Chain

Metrics:
  • MC: $6.5M
  • Age: 0.0 months
  • Pools: 0
  • Holders: 4,132

Why it matches:
    • Chain age: 0.0 months
  • Market cap: $6.5M
  • Trading activity: 35,122 swaps

Risk factors:
    • High PSL: 15.8% of top 10


CA: 0x507b6f349a80114097a67b8b4677367acc15b220
  ✓ Alert sent to Discord
🏗️  INFRASTRUCTURE FLYWHEEL MATCH

Project: $SPCX on Robinhood Chain

Metrics:
  • MC: $8.8M
  • Age: 0.0 months
  • Pools: 0
  • Holders: 82,003

Why it matches:
    • Chain age: 0.0 months
  • Market cap: $8.8M
  • Trading activity: 248,617 swaps

Risk factors:
    • High PSL: 29.2% of top 10


CA: 0x4a0e65a3eccec6dbe60ae065f2e7bb85fae35eea
  ✓ Alert sent to Discord
🏗️  INFRASTRUCTURE FLYWHEEL MATCH

Project: $SPY on Robinhood Chain

Metrics:
  • MC: $17.4M
  • Age: 0.0 months
  • Pools: 0
  • Holders: 59,201

Why it matches:
    • Chain age: 0.0 months
  • Market cap: $17.4M
  • Trading activity: 177,368 swaps

Risk factors:
    • High PSL: 14.8% of top 10


CA: 0x117cc2133c37b721f49de2a7a74833232b3b4c0c
  ✓ Alert sent to Discord
🏗️  INFRASTRUCTURE FLYWHEEL MATCH

Project: $NVDA on Robinhood Chain

Metrics:
  • MC: $15.2M
  • Age: 0.0 months
  • Pools: 0
  • Holders: 109,723

Why it matches:
    • Chain age: 0.0 months
  • Market cap: $15.2M
  • Trading activity: 190,027 swaps

Risk factors:
    • High PSL: 23.8% of top 10


CA: 0xd0601ce157db5bdc3162bbac2a2c8af5320d9eec
  ✓ Alert sent to Discord
🏗️  INFRASTRUCTURE FLYWHEEL MATCH

Project: $microduck on Robinhood Chain

Metrics:
  • MC: $31.1M
  • Age: 0.3 months
  • Pools: 0
  • Holders: 19,477

Why it matches:
    • Chain age: 0.3 months
  • Market cap: $31.1M
  • Trading activity: 20,149 swaps

Risk factors:
    • High PSL: 17.0% of top 10


CA: 0xd5f1afea47b1a9eab414d2ee740cf1d6d039e725
  ✓ Alert sent to Discord
🏗️  INFRASTRUCTURE FLYWHEEL MATCH

Project: $FATCOIN on Robinhood Chain

Metrics:
  • MC: $27.1M
  • Age: 0.1 months
  • Pools: 0
  • Holders: 7,733

Why it matches:
    • Chain age: 0.1 months
  • Market cap: $27.1M
  • Trading activity: 18,047 swaps

Risk factors:
    • High PSL: 11.1% of top 10


CA: 0x12d5ee7917ca430073c3a638ee1e6f0648a98a01
  ✓ Alert sent to Discord
🏗️  INFRASTRUCTURE FLYWHEEL MATCH

Project: $ROBINCAT on Robinhood Chain

Metrics:
  • MC: $9.6M
  • Age: 0.2 months
  • Pools: 0
  • Holders: 11,912

Why it matches:
    • Chain age: 0.2 months
  • Market cap: $9.6M
  • Trading activity: 19,883 swaps

Risk factors:
    • High PSL: 13.7% of top 10


CA: 0xded852de9fe9ba9b6f27f39e8e81cf851a5c79cc
  ✓ Alert sent to Discord
🏗️  INFRASTRUCTURE FLYWHEEL MATCH

Project: $NUKE on Robinhood Chain

Metrics:
  • MC: $5.1M
  • Age: 0.0 months
  • Pools: 0
  • Holders: 1,088

Why it matches:
    • Chain age: 0.0 months
  • Market cap: $5.1M
  • Trading activity: 17,314 swaps

Risk factors:
    • High PSL: 83.2% of top 10
  • Concentration: Top 10 holds 83.2%


CA: 0x0000000005aca17e8bd5779fc87e13cb433aed24
  Discord message send failed: 429
🏗️  INFRASTRUCTURE FLYWHEEL MATCH

Project: $BONER on Robinhood Chain

Metrics:
  • MC: $36.4M
  • Age: 0.3 months
  • Pools: 0
  • Holders: 17,210

Why it matches:
    • Chain age: 0.3 months
  • Market cap: $36.4M
  • Trading activity: 16,267 swaps

Risk factors:
    • High PSL: 16.2% of top 10


CA: 0x98096d17e191b3da1d5f99a6d7b3584351b11e18
  Discord message send failed: 429
🏗️  INFRASTRUCTURE FLYWHEEL MATCH

Project: $GRASS on Robinhood Chain

Metrics:
  • MC: $9.0M
  • Age: 0.1 months
  • Pools: 0
  • Holders: 6,895

Why it matches:
    • Chain age: 0.1 months
  • Market cap: $9.0M
  • Trading activity: 16,881 swaps

Risk factors:
    • High PSL: 13.4% of top 10


CA: 0x16391c40e85fb2246a2c8c17bfa2594c5d3ef84b
  ✓ Alert sent to Discord
🏗️  INFRASTRUCTURE FLYWHEEL MATCH

Project: $NUDES on Robinhood Chain

Metrics:
  • MC: $22.0M
  • Age: 0.1 months
  • Pools: 0
  • Holders: 8,329

Why it matches:
    • Chain age: 0.1 months
  • Market cap: $22.0M
  • Trading activity: 16,030 swaps

Risk factors:
    • High PSL: 10.7% of top 10


CA: 0xbe98b75361935b18d688409424a869a4c3dc7401
  Discord message send failed: 429
🏗️  INFRASTRUCTURE FLYWHEEL MATCH

Project: $PAIR on Robinhood Chain

Metrics:
  • MC: $15.6M
  • Age: 0.1 months
  • Pools: 0
  • Holders: 6,277

Why it matches:
    • Chain age: 0.1 months
  • Market cap: $15.6M
  • Trading activity: 13,575 swaps

Risk factors:
    • High PSL: 11.5% of top 10


CA: 0x6b1d42927b1a84ec28fa88d4fc6fa7af404966be
  Discord message send failed: 429
🏗️  INFRASTRUCTURE FLYWHEEL MATCH

Project: $UBIK on Robinhood Chain

Metrics:
  • MC: $16.9M
  • Age: 0.1 months
  • Pools: 0
  • Holders: 6,138

Why it matches:
    • Chain age: 0.1 months
  • Market cap: $16.9M
  • Trading activity: 11,209 swaps

Risk factors:
    • High PSL: 18.1% of top 10


CA: 0x812486eaea648819853f8e372dc9f1516c7868bd
  ✓ Alert sent to Discord
🏗️  INFRASTRUCTURE FLYWHEEL MATCH

Project: $STONKBROKER on Robinhood Chain

Metrics:
  • MC: $38.9M
  • Age: 1.3 months
  • Pools: 0
  • Holders: 33,615

Why it matches:
    • Chain age: 1.3 months
  • Market cap: $38.9M
  • Trading activity: 9,366 swaps

Risk factors:
    • High PSL: 56.7% of top 10
  • Concentration: Top 10 holds 56.7%


CA: 0xe934e36a439c94017b64a3fece66af12099abf50
  ✓ Alert sent to Discord
🏗️  INFRASTRUCTURE FLYWHEEL MATCH

Project: $PROLOGUE on Robinhood Chain

Metrics:
  • MC: $9.4M
  • Age: 0.6 months
  • Pools: 0
  • Holders: 7,704

Why it matches:
    • Chain age: 0.6 months
  • Market cap: $9.4M
  • Trading activity: 9,931 swaps

Risk factors:
    • High PSL: 18.5% of top 10


CA: 0xb9972ca7188e511174947e3936a5315ac7073277
  ✓ Alert sent to Discord
🏗️  INFRASTRUCTURE FLYWHEEL MATCH

Project: $GG on Robinhood Chain

Metrics:
  • MC: $7.8M
  • Age: 0.3 months
  • Pools: 0
  • Holders: 6,425

Why it matches:
    • Chain age: 0.3 months
  • Market cap: $7.8M
  • Trading activity: 7,159 swaps

Risk factors:
    • High PSL: 16.6% of top 10


CA: 0xcacb0e9caccee63ec4d82952e561a291c68bcb68
  Discord message send failed: 429
🏗️  INFRASTRUCTURE FLYWHEEL MATCH

Project: $FRONG on Robinhood Chain

Metrics:
  • MC: $8.0M
  • Age: 1.2 months
  • Pools: 0
  • Holders: 14,817

Why it matches:
    • Chain age: 1.2 months
  • Market cap: $8.0M
  • Trading activity: 5,261 swaps

Risk factors:
    • High PSL: 15.4% of top 10


CA: 0x6245e67affa44a23077f0ea7f981a8dc743a0c47
  Discord message send failed: 429
🏗️  INFRASTRUCTURE FLYWHEEL MATCH

Project: $AAPL on Robinhood Chain

Metrics:
  • MC: $5.7M
  • Age: 0.0 months
  • Pools: 0
  • Holders: 64,091

Why it matches:
    • Chain age: 0.0 months
  • Market cap: $5.7M
  • Trading activity: 24,608 swaps

Risk factors:
    • High PSL: 36.6% of top 10


CA: 0xaf3d76f1834a1d425780943c99ea8a608f8a93f9
  ✓ Alert sent to Discord
🏗️  INFRASTRUCTURE FLYWHEEL MATCH

Project: $AMC on Robinhood Chain

Metrics:
  • MC: $7.4M
  • Age: 0.0 months
  • Pools: 0
  • Holders: 8,023

Why it matches:
    • Chain age: 0.0 months
  • Market cap: $7.4M
  • Trading activity: 19,571 swaps

Risk factors:
    • High PSL: 30.7% of top 10


CA: 0x05a3d1cd21d0c88145e82600e62e7e496e0f222b
  ✓ Alert sent to Discord
🏗️  INFRASTRUCTURE FLYWHEEL MATCH

Project: $MOO on Robinhood Chain

Metrics:
  • MC: $23.7M
  • Age: 1.5 months
  • Pools: 0
  • Holders: 6,205

Why it matches:
    • Chain age: 1.5 months
  • Market cap: $23.7M
  • Trading activity: 11,641 swaps

Risk factors:
    • High PSL: 14.7% of top 10


CA: 0xd9db30bb0d2b8d2eae3826a1372117e058791e18
  Discord message send failed: 429
🏗️  INFRASTRUCTURE FLYWHEEL MATCH

Project: $DELTA on Robinhood Chain

Metrics:
  • MC: $13.3M
  • Age: 1.2 months
  • Pools: 0
  • Holders: 15,317

Why it matches:
    • Chain age: 1.2 months
  • Market cap: $13.3M
  • Trading activity: 7,980 swaps

Risk factors:
    • High PSL: 27.3% of top 10


CA: 0xe8ffd7e24187f72afb08d75b1bb13088a989a791
  ✓ Alert sent to Discord
🏗️  INFRASTRUCTURE FLYWHEEL MATCH

Project: $RAM on Robinhood Chain

Metrics:
  • MC: $5.8M
  • Age: 0.7 months
  • Pools: 0
  • Holders: 9,670

Why it matches:
    • Chain age: 0.7 months
  • Market cap: $5.8M
  • Trading activity: 4,893 swaps

Risk factors:
    • High PSL: 13.4% of top 10


CA: 0x5173d45a1191ee33cbb7d8c7e65f21b04ed54802
  Discord message send failed: 429
🏗️  INFRASTRUCTURE FLYWHEEL MATCH

Project: $BUN on Robinhood Chain

Metrics:
  • MC: $26.6M
  • Age: 0.1 months
  • Pools: 0
  • Holders: 1,675

Why it matches:
    • Chain age: 0.1 months
  • Market cap: $26.6M
  • Trading activity: 3,486 swaps

Risk factors:
    • High PSL: 74.5% of top 10
  • Concentration: Top 10 holds 74.5%


CA: 0x07ebb29a38fbcb41563817e5e19f2cec619c90d2
  ✓ Alert sent to Discord
🏗️  INFRASTRUCTURE FLYWHEEL MATCH

Project: $DTF on Robinhood Chain

Metrics:
  • MC: $5.9M
  • Age: 0.4 months
  • Pools: 0
  • Holders: 8,388

Why it matches:
    • Chain age: 0.4 months
  • Market cap: $5.9M
  • Trading activity: 3,146 swaps

Risk factors:
    • High PSL: 37.8% of top 10


CA: 0xee5576fa1bcaa380e591d01245f406f3f384eb01
  Discord message send failed: 429
🏗️  INFRASTRUCTURE FLYWHEEL MATCH

Project: $HOOKR on Robinhood Chain

Metrics:
  • MC: $19.2M
  • Age: 1.0 months
  • Pools: 0
  • Holders: 6,648

Why it matches:
    • Chain age: 1.0 months
  • Market cap: $19.2M
  • Trading activity: 7,921 swaps

Risk factors:
    • High PSL: 15.3% of top 10


CA: 0x18e674231a58c239dc7daedcffe15ec3a24cff5c
  Discord message send failed: 429

Scan complete in 20.7s - Found 29 matches

[2026-09-05T21:06:21.257Z] Running scan...

Found 100 coins to evaluate

🏗️  INFRASTRUCTURE FLYWHEEL MATCH

Project: $ZZZ on Robinhood Chain

Metrics:
  • MC: $13.4M
  • Age: 0.0 months
  • Pools: 0
  • Holders: 7,760

Why it matches:
    • Chain age: 0.0 months
  • Market cap: $13.4M
  • Trading activity: 91,278 swaps

Risk factors:
    • High PSL: 18.0% of top 10


CA: 0x7dbf38976f6d3b9c529e7d9484a71898b409ee6a
  ✓ Alert sent to Discord
🏗️  INFRASTRUCTURE FLYWHEEL MATCH

Project: $MEME on Robinhood Chain

Metrics:
  • MC: $40.2M
  • Age: 0.1 months
  • Pools: 0
  • Holders: 25,103

Why it matches:
    • Chain age: 0.1 months
  • Market cap: $40.2M
  • Trading activity: 77,774 swaps



CA: 0x385f4f8ae47651ce5f58f5265395a669f8281e18
  ✓ Alert sent to Discord
🏗️  INFRASTRUCTURE FLYWHEEL MATCH

Project: $SHROOM on Robinhood Chain

Metrics:
  • MC: $52.7M
  • Age: 0.1 months
  • Pools: 0
  • Holders: 8,318

Why it matches:
    • Chain age: 0.1 months
  • Market cap: $52.7M
  • Trading activity: 68,726 swaps

Risk factors:
    • High PSL: 21.6% of top 10


CA: 0xab093def657f15df31b33922a95e047add645b29
  ✓ Alert sent to Discord
🏗️  INFRASTRUCTURE FLYWHEEL MATCH

Project: $Ponsan on Robinhood Chain

Metrics:
  • MC: $6.6M
  • Age: 0.0 months
  • Pools: 0
  • Holders: 9,240

Why it matches:
    • Chain age: 0.0 months
  • Market cap: $6.6M
  • Trading activity: 65,471 swaps

Risk factors:
    • High PSL: 11.0% of top 10


CA: 0x97216593d3b2769da6f0adeee6fb8e36da4e319f
  ✓ Alert sent to Discord
🏗️  INFRASTRUCTURE FLYWHEEL MATCH

Project: $par on Robinhood Chain

Metrics:
  • MC: $6.6M
  • Age: 0.0 months
  • Pools: 0
  • Holders: 4,124

Why it matches:
    • Chain age: 0.0 months
  • Market cap: $6.6M
  • Trading activity: 34,247 swaps

Risk factors:
    • High PSL: 15.8% of top 10


CA: 0x507b6f349a80114097a67b8b4677367acc15b220
  ✓ Alert sent to Discord
🏗️  INFRASTRUCTURE FLYWHEEL MATCH

Project: $SPCX on Robinhood Chain

Metrics:
  • MC: $8.8M
  • Age: 0.0 months
  • Pools: 0
  • Holders: 81,978

Why it matches:
    • Chain age: 0.0 months
  • Market cap: $8.8M
  • Trading activity: 243,841 swaps

Risk factors:
    • High PSL: 29.2% of top 10


CA: 0x4a0e65a3eccec6dbe60ae065f2e7bb85fae35eea
  ✓ Alert sent to Discord
🏗️  INFRASTRUCTURE FLYWHEEL MATCH

Project: $SPY on Robinhood Chain

Metrics:
  • MC: $17.5M
  • Age: 0.0 months
  • Pools: 0
  • Holders: 59,184

Why it matches:
    • Chain age: 0.0 months
  • Market cap: $17.5M
  • Trading activity: 178,582 swaps

Risk factors:
    • High PSL: 14.9% of top 10


CA: 0x117cc2133c37b721f49de2a7a74833232b3b4c0c
  ✓ Alert sent to Discord
🏗️  INFRASTRUCTURE FLYWHEEL MATCH

Project: $NVDA on Robinhood Chain

Metrics:
  • MC: $15.2M
  • Age: 0.0 months
  • Pools: 0
  • Holders: 109,716

Why it matches:
    • Chain age: 0.0 months
  • Market cap: $15.2M
  • Trading activity: 187,471 swaps

Risk factors:
    • High PSL: 23.7% of top 10


CA: 0xd0601ce157db5bdc3162bbac2a2c8af5320d9eec
  ✓ Alert sent to Discord
🏗️  INFRASTRUCTURE FLYWHEEL MATCH

Project: $microduck on Robinhood Chain

Metrics:
  • MC: $30.4M
  • Age: 0.3 months
  • Pools: 0
  • Holders: 19,469

Why it matches:
    • Chain age: 0.3 months
  • Market cap: $30.4M
  • Trading activity: 20,104 swaps

Risk factors:
    • High PSL: 17.0% of top 10


CA: 0xd5f1afea47b1a9eab414d2ee740cf1d6d039e725
  ✓ Alert sent to Discord
🏗️  INFRASTRUCTURE FLYWHEEL MATCH

Project: $FATCOIN on Robinhood Chain

Metrics:
  • MC: $26.3M
  • Age: 0.1 months
  • Pools: 0
  • Holders: 7,714

Why it matches:
    • Chain age: 0.1 months
  • Market cap: $26.3M
  • Trading activity: 17,869 swaps

Risk factors:
    • High PSL: 11.1% of top 10


CA: 0x12d5ee7917ca430073c3a638ee1e6f0648a98a01
  ✓ Alert sent to Discord
🏗️  INFRASTRUCTURE FLYWHEEL MATCH

Project: $ROBINCAT on Robinhood Chain

Metrics:
  • MC: $9.5M
  • Age: 0.2 months
  • Pools: 0
  • Holders: 11,899

Why it matches:
    • Chain age: 0.2 months
  • Market cap: $9.5M
  • Trading activity: 19,774 swaps

Risk factors:
    • High PSL: 13.7% of top 10


CA: 0xded852de9fe9ba9b6f27f39e8e81cf851a5c79cc
  ✓ Alert sent to Discord
🏗️  INFRASTRUCTURE FLYWHEEL MATCH

Project: $NUKE on Robinhood Chain

Metrics:
  • MC: $5.3M
  • Age: 0.0 months
  • Pools: 0
  • Holders: 1,091

Why it matches:
    • Chain age: 0.0 months
  • Market cap: $5.3M
  • Trading activity: 17,337 swaps

Risk factors:
    • High PSL: 83.4% of top 10
  • Concentration: Top 10 holds 83.4%


CA: 0x0000000005aca17e8bd5779fc87e13cb433aed24
  Discord message send failed: 429
🏗️  INFRASTRUCTURE FLYWHEEL MATCH

Project: $BONER on Robinhood Chain

Metrics:
  • MC: $36.8M
  • Age: 0.3 months
  • Pools: 0
  • Holders: 17,214

Why it matches:
    • Chain age: 0.3 months
  • Market cap: $36.8M
  • Trading activity: 16,163 swaps

Risk factors:
    • High PSL: 16.2% of top 10


CA: 0x98096d17e191b3da1d5f99a6d7b3584351b11e18
  Discord message send failed: 429
🏗️  INFRASTRUCTURE FLYWHEEL MATCH

Project: $NUDES on Robinhood Chain

Metrics:
  • MC: $21.3M
  • Age: 0.1 months
  • Pools: 0
  • Holders: 8,305

Why it matches:
    • Chain age: 0.1 months
  • Market cap: $21.3M
  • Trading activity: 16,002 swaps

Risk factors:
    • High PSL: 10.7% of top 10


CA: 0xbe98b75361935b18d688409424a869a4c3dc7401
  ✓ Alert sent to Discord
🏗️  INFRASTRUCTURE FLYWHEEL MATCH

Project: $GRASS on Robinhood Chain

Metrics:
  • MC: $8.9M
  • Age: 0.1 months
  • Pools: 0
  • Holders: 6,887

Why it matches:
    • Chain age: 0.1 months
  • Market cap: $8.9M
  • Trading activity: 16,673 swaps

Risk factors:
    • High PSL: 13.4% of top 10


CA: 0x16391c40e85fb2246a2c8c17bfa2594c5d3ef84b
  Discord message send failed: 429
🏗️  INFRASTRUCTURE FLYWHEEL MATCH

Project: $PAIR on Robinhood Chain

Metrics:
  • MC: $15.2M
  • Age: 0.1 months
  • Pools: 0
  • Holders: 6,277

Why it matches:
    • Chain age: 0.1 months
  • Market cap: $15.2M
  • Trading activity: 13,576 swaps

Risk factors:
    • High PSL: 11.5% of top 10


CA: 0x6b1d42927b1a84ec28fa88d4fc6fa7af404966be
  ✓ Alert sent to Discord
🏗️  INFRASTRUCTURE FLYWHEEL MATCH

Project: $UBIK on Robinhood Chain

Metrics:
  • MC: $18.0M
  • Age: 0.1 months
  • Pools: 0
  • Holders: 6,142

Why it matches:
    • Chain age: 0.1 months
  • Market cap: $18.0M
  • Trading activity: 11,266 swaps

Risk factors:
    • High PSL: 18.1% of top 10


CA: 0x812486eaea648819853f8e372dc9f1516c7868bd
  Discord message send failed: 429
🏗️  INFRASTRUCTURE FLYWHEEL MATCH

Project: $STONKBROKER on Robinhood Chain

Metrics:
  • MC: $39.0M
  • Age: 1.3 months
  • Pools: 0
  • Holders: 33,617

Why it matches:
    • Chain age: 1.3 months
  • Market cap: $39.0M
  • Trading activity: 9,306 swaps

Risk factors:
    • High PSL: 56.7% of top 10
  • Concentration: Top 10 holds 56.7%


CA: 0xe934e36a439c94017b64a3fece66af12099abf50
  Discord message send failed: 429
🏗️  INFRASTRUCTURE FLYWHEEL MATCH

Project: $PROLOGUE on Robinhood Chain

Metrics:
  • MC: $9.5M
  • Age: 0.6 months
  • Pools: 0
  • Holders: 7,698

Why it matches:
    • Chain age: 0.6 months
  • Market cap: $9.5M
  • Trading activity: 9,899 swaps

Risk factors:
    • High PSL: 18.6% of top 10


CA: 0xb9972ca7188e511174947e3936a5315ac7073277
  ✓ Alert sent to Discord
🏗️  INFRASTRUCTURE FLYWHEEL MATCH

Project: $GG on Robinhood Chain

Metrics:
  • MC: $7.8M
  • Age: 0.3 months
  • Pools: 0
  • Holders: 6,425

Why it matches:
    • Chain age: 0.3 months
  • Market cap: $7.8M
  • Trading activity: 7,179 swaps

Risk factors:
    • High PSL: 16.6% of top 10


CA: 0xcacb0e9caccee63ec4d82952e561a291c68bcb68
  ✓ Alert sent to Discord
🏗️  INFRASTRUCTURE FLYWHEEL MATCH

Project: $FRONG on Robinhood Chain

Metrics:
  • MC: $7.9M
  • Age: 1.2 months
  • Pools: 0
  • Holders: 14,817

Why it matches:
    • Chain age: 1.2 months
  • Market cap: $7.9M
  • Trading activity: 5,247 swaps

Risk factors:
    • High PSL: 15.4% of top 10


CA: 0x6245e67affa44a23077f0ea7f981a8dc743a0c47
  Discord message send failed: 429
🏗️  INFRASTRUCTURE FLYWHEEL MATCH

Project: $AMC on Robinhood Chain

Metrics:
  • MC: $7.5M
  • Age: 0.0 months
  • Pools: 0
  • Holders: 8,026

Why it matches:
    • Chain age: 0.0 months
  • Market cap: $7.5M
  • Trading activity: 19,413 swaps

Risk factors:
    • High PSL: 30.7% of top 10


CA: 0x05a3d1cd21d0c88145e82600e62e7e496e0f222b
  Discord message send failed: 429
🏗️  INFRASTRUCTURE FLYWHEEL MATCH

Project: $MOO on Robinhood Chain

Metrics:
  • MC: $23.9M
  • Age: 1.5 months
  • Pools: 0
  • Holders: 6,210

Why it matches:
    • Chain age: 1.5 months
  • Market cap: $23.9M
  • Trading activity: 11,602 swaps

Risk factors:
    • High PSL: 14.7% of top 10


CA: 0xd9db30bb0d2b8d2eae3826a1372117e058791e18
  ✓ Alert sent to Discord
🏗️  INFRASTRUCTURE FLYWHEEL MATCH

Project: $DELTA on Robinhood Chain

Metrics:
  • MC: $13.5M
  • Age: 1.2 months
  • Pools: 0
  • Holders: 15,311

Why it matches:
    • Chain age: 1.2 months
  • Market cap: $13.5M
  • Trading activity: 7,962 swaps

Risk factors:
    • High PSL: 27.3% of top 10


CA: 0xe8ffd7e24187f72afb08d75b1bb13088a989a791
  Discord message send failed: 429
🏗️  INFRASTRUCTURE FLYWHEEL MATCH

Project: $RAM on Robinhood Chain

Metrics:
  • MC: $5.8M
  • Age: 0.7 months
  • Pools: 0
  • Holders: 9,663

Why it matches:
    • Chain age: 0.7 months
  • Market cap: $5.8M
  • Trading activity: 4,860 swaps

Risk factors:
    • High PSL: 13.4% of top 10


CA: 0x5173d45a1191ee33cbb7d8c7e65f21b04ed54802
  Discord message send failed: 429
🏗️  INFRASTRUCTURE FLYWHEEL MATCH

Project: $BUN on Robinhood Chain

Metrics:
  • MC: $25.6M
  • Age: 0.1 months
  • Pools: 0
  • Holders: 1,674

Why it matches:
    • Chain age: 0.1 months
  • Market cap: $25.6M
  • Trading activity: 3,542 swaps

Risk factors:
    • High PSL: 74.4% of top 10
  • Concentration: Top 10 holds 74.4%


CA: 0x07ebb29a38fbcb41563817e5e19f2cec619c90d2
  ✓ Alert sent to Discord
🏗️  INFRASTRUCTURE FLYWHEEL MATCH

Project: $DTF on Robinhood Chain

Metrics:
  • MC: $5.9M
  • Age: 0.4 months
  • Pools: 0
  • Holders: 8,384

Why it matches:
    • Chain age: 0.4 months
  • Market cap: $5.9M
  • Trading activity: 3,130 swaps

Risk factors:
    • High PSL: 37.9% of top 10


CA: 0xee5576fa1bcaa380e591d01245f406f3f384eb01
  Discord message send failed: 429
🏗️  INFRASTRUCTURE FLYWHEEL MATCH

Project: $HOOKR on Robinhood Chain

Metrics:
  • MC: $19.2M
  • Age: 1.0 months
  • Pools: 0
  • Holders: 6,647

Why it matches:
    • Chain age: 1.0 months
  • Market cap: $19.2M
  • Trading activity: 7,897 swaps

Risk factors:
    • High PSL: 15.3% of top 10


CA: 0x18e674231a58c239dc7daedcffe15ec3a24cff5c
  ✓ Alert sent to Discord

Scan complete in 20.1s - Found 28 matches

[2026-09-05T21:16:41.390Z] Running scan...

Found 100 coins to evaluate

🏗️  INFRASTRUCTURE FLYWHEEL MATCH

Project: $ZZZ on Robinhood Chain

Metrics:
  • MC: $13.4M
  • Age: 0.0 months
  • Pools: 0
  • Holders: 7,752

Why it matches:
    • Chain age: 0.0 months
  • Market cap: $13.4M
  • Trading activity: 91,342 swaps

Risk factors:
    • High PSL: 18.0% of top 10


CA: 0x7dbf38976f6d3b9c529e7d9484a71898b409ee6a
  ✓ Alert sent to Discord
🏗️  INFRASTRUCTURE FLYWHEEL MATCH

Project: $MEME on Robinhood Chain

Metrics:
  • MC: $39.6M
  • Age: 0.1 months
  • Pools: 0
  • Holders: 25,114

Why it matches:
    • Chain age: 0.1 months
  • Market cap: $39.6M
  • Trading activity: 77,239 swaps



CA: 0x385f4f8ae47651ce5f58f5265395a669f8281e18
  ✓ Alert sent to Discord
🏗️  INFRASTRUCTURE FLYWHEEL MATCH

Project: $SHROOM on Robinhood Chain

Metrics:
  • MC: $52.9M
  • Age: 0.1 months
  • Pools: 0
  • Holders: 8,326

Why it matches:
    • Chain age: 0.1 months
  • Market cap: $52.9M
  • Trading activity: 68,729 swaps

Risk factors:
    • High PSL: 21.5% of top 10


CA: 0xab093def657f15df31b33922a95e047add645b29
  ✓ Alert sent to Discord
🏗️  INFRASTRUCTURE FLYWHEEL MATCH

Project: $Ponsan on Robinhood Chain

Metrics:
  • MC: $6.5M
  • Age: 0.0 months
  • Pools: 0
  • Holders: 9,219

Why it matches:
    • Chain age: 0.0 months
  • Market cap: $6.5M
  • Trading activity: 66,088 swaps

Risk factors:
    • High PSL: 11.1% of top 10


CA: 0x97216593d3b2769da6f0adeee6fb8e36da4e319f
  ✓ Alert sent to Discord
🏗️  INFRASTRUCTURE FLYWHEEL MATCH

Project: $par on Robinhood Chain

Metrics:
  • MC: $5.7M
  • Age: 0.0 months
  • Pools: 0
  • Holders: 4,131

Why it matches:
    • Chain age: 0.0 months
  • Market cap: $5.7M
  • Trading activity: 33,338 swaps

Risk factors:
    • High PSL: 15.8% of top 10


CA: 0x507b6f349a80114097a67b8b4677367acc15b220
  ✓ Alert sent to Discord
🏗️  INFRASTRUCTURE FLYWHEEL MATCH

Project: $SPCX on Robinhood Chain

Metrics:
  • MC: $8.8M
  • Age: 0.0 months
  • Pools: 0
  • Holders: 81,982

Why it matches:
    • Chain age: 0.0 months
  • Market cap: $8.8M
  • Trading activity: 243,055 swaps

Risk factors:
    • High PSL: 29.1% of top 10


CA: 0x4a0e65a3eccec6dbe60ae065f2e7bb85fae35eea
  ✓ Alert sent to Discord
🏗️  INFRASTRUCTURE FLYWHEEL MATCH

Project: $SPY on Robinhood Chain

Metrics:
  • MC: $17.4M
  • Age: 0.0 months
  • Pools: 0
  • Holders: 59,400

Why it matches:
    • Chain age: 0.0 months
  • Market cap: $17.4M
  • Trading activity: 178,911 swaps

Risk factors:
    • High PSL: 14.9% of top 10


CA: 0x117cc2133c37b721f49de2a7a74833232b3b4c0c
  ✓ Alert sent to Discord
🏗️  INFRASTRUCTURE FLYWHEEL MATCH

Project: $NVDA on Robinhood Chain

Metrics:
  • MC: $15.2M
  • Age: 0.0 months
  • Pools: 0
  • Holders: 109,693

Why it matches:
    • Chain age: 0.0 months
  • Market cap: $15.2M
  • Trading activity: 186,903 swaps

Risk factors:
    • High PSL: 23.7% of top 10


CA: 0xd0601ce157db5bdc3162bbac2a2c8af5320d9eec
  ✓ Alert sent to Discord
🏗️  INFRASTRUCTURE FLYWHEEL MATCH

Project: $microduck on Robinhood Chain

Metrics:
  • MC: $30.7M
  • Age: 0.3 months
  • Pools: 0
  • Holders: 19,461

Why it matches:
    • Chain age: 0.3 months
  • Market cap: $30.7M
  • Trading activity: 20,051 swaps

Risk factors:
    • High PSL: 17.0% of top 10


CA: 0xd5f1afea47b1a9eab414d2ee740cf1d6d039e725
  ✓ Alert sent to Discord
🏗️  INFRASTRUCTURE FLYWHEEL MATCH

Project: $ROBINCAT on Robinhood Chain

Metrics:
  • MC: $8.8M
  • Age: 0.2 months
  • Pools: 0
  • Holders: 11,891

Why it matches:
    • Chain age: 0.2 months
  • Market cap: $8.8M
  • Trading activity: 19,734 swaps

Risk factors:
    • High PSL: 13.7% of top 10


CA: 0xded852de9fe9ba9b6f27f39e8e81cf851a5c79cc
  ✓ Alert sent to Discord
🏗️  INFRASTRUCTURE FLYWHEEL MATCH

Project: $FATCOIN on Robinhood Chain

Metrics:
  • MC: $26.3M
  • Age: 0.1 months
  • Pools: 0
  • Holders: 7,705

Why it matches:
    • Chain age: 0.1 months
  • Market cap: $26.3M
  • Trading activity: 17,596 swaps

Risk factors:
    • High PSL: 11.1% of top 10


CA: 0x12d5ee7917ca430073c3a638ee1e6f0648a98a01
  ✓ Alert sent to Discord
🏗️  INFRASTRUCTURE FLYWHEEL MATCH

Project: $NUKE on Robinhood Chain

Metrics:
  • MC: $5.7M
  • Age: 0.0 months
  • Pools: 0
  • Holders: 1,096

Why it matches:
    • Chain age: 0.0 months
  • Market cap: $5.7M
  • Trading activity: 17,364 swaps

Risk factors:
    • High PSL: 83.7% of top 10
  • Concentration: Top 10 holds 83.7%


CA: 0x0000000005aca17e8bd5779fc87e13cb433aed24
  ✓ Alert sent to Discord
🏗️  INFRASTRUCTURE FLYWHEEL MATCH

Project: $BONER on Robinhood Chain

Metrics:
  • MC: $36.7M
  • Age: 0.3 months
  • Pools: 0
  • Holders: 17,217

Why it matches:
    • Chain age: 0.3 months
  • Market cap: $36.7M
  • Trading activity: 15,696 swaps

Risk factors:
    • High PSL: 16.2% of top 10


CA: 0x98096d17e191b3da1d5f99a6d7b3584351b11e18
  Discord message send failed: 429
🏗️  INFRASTRUCTURE FLYWHEEL MATCH

Project: $NUDES on Robinhood Chain

Metrics:
  • MC: $22.0M
  • Age: 0.1 months
  • Pools: 0
  • Holders: 8,306

Why it matches:
    • Chain age: 0.1 months
  • Market cap: $22.0M
  • Trading activity: 15,953 swaps

Risk factors:
    • High PSL: 10.7% of top 10


CA: 0xbe98b75361935b18d688409424a869a4c3dc7401
  ✓ Alert sent to Discord
🏗️  INFRASTRUCTURE FLYWHEEL MATCH

Project: $GRASS on Robinhood Chain

Metrics:
  • MC: $8.3M
  • Age: 0.1 months
  • Pools: 0
  • Holders: 6,887

Why it matches:
    • Chain age: 0.1 months
  • Market cap: $8.3M
  • Trading activity: 16,569 swaps

Risk factors:
    • High PSL: 13.4% of top 10


CA: 0x16391c40e85fb2246a2c8c17bfa2594c5d3ef84b
  Discord message send failed: 429
🏗️  INFRASTRUCTURE FLYWHEEL MATCH

Project: $PAIR on Robinhood Chain

Metrics:
  • MC: $15.6M
  • Age: 0.1 months
  • Pools: 0
  • Holders: 6,275

Why it matches:
    • Chain age: 0.1 months
  • Market cap: $15.6M
  • Trading activity: 13,580 swaps

Risk factors:
    • High PSL: 11.5% of top 10


CA: 0x6b1d42927b1a84ec28fa88d4fc6fa7af404966be
  ✓ Alert sent to Discord
🏗️  INFRASTRUCTURE FLYWHEEL MATCH

Project: $UBIK on Robinhood Chain

Metrics:
  • MC: $18.1M
  • Age: 0.1 months
  • Pools: 0
  • Holders: 6,148

Why it matches:
    • Chain age: 0.1 months
  • Market cap: $18.1M
  • Trading activity: 11,292 swaps

Risk factors:
    • High PSL: 18.1% of top 10


CA: 0x812486eaea648819853f8e372dc9f1516c7868bd
  Discord message send failed: 429
🏗️  INFRASTRUCTURE FLYWHEEL MATCH

Project: $STONKBROKER on Robinhood Chain

Metrics:
  • MC: $38.7M
  • Age: 1.3 months
  • Pools: 0
  • Holders: 33,615

Why it matches:
    • Chain age: 1.3 months
  • Market cap: $38.7M
  • Trading activity: 9,228 swaps

Risk factors:
    • High PSL: 56.7% of top 10
  • Concentration: Top 10 holds 56.7%


CA: 0xe934e36a439c94017b64a3fece66af12099abf50
  ✓ Alert sent to Discord
🏗️  INFRASTRUCTURE FLYWHEEL MATCH

Project: $GLD on Robinhood Chain

Metrics:
  • MC: $6.4M
  • Age: 0.0 months
  • Pools: 0
  • Holders: 21,294

Why it matches:
    • Chain age: 0.0 months
  • Market cap: $6.4M
  • Trading activity: 51,005 swaps

Risk factors:
    • High PSL: 13.1% of top 10


CA: 0xc9a981fee1f9dec688bb123ccdecc63d0debfc4e
  ✓ Alert sent to Discord
🏗️  INFRASTRUCTURE FLYWHEEL MATCH

Project: $PROLOGUE on Robinhood Chain

Metrics:
  • MC: $9.4M
  • Age: 0.6 months
  • Pools: 0
  • Holders: 7,705

Why it matches:
    • Chain age: 0.6 months
  • Market cap: $9.4M
  • Trading activity: 9,877 swaps

Risk factors:
    • High PSL: 18.6% of top 10


CA: 0xb9972ca7188e511174947e3936a5315ac7073277
  Discord message send failed: 429
🏗️  INFRASTRUCTURE FLYWHEEL MATCH

Project: $GG on Robinhood Chain

Metrics:
  • MC: $7.8M
  • Age: 0.3 months
  • Pools: 0
  • Holders: 6,425

Why it matches:
    • Chain age: 0.3 months
  • Market cap: $7.8M
  • Trading activity: 7,176 swaps

Risk factors:
    • High PSL: 16.6% of top 10


CA: 0xcacb0e9caccee63ec4d82952e561a291c68bcb68
  Discord message send failed: 429
🏗️  INFRASTRUCTURE FLYWHEEL MATCH

Project: $FRONG on Robinhood Chain

Metrics:
  • MC: $7.9M
  • Age: 1.2 months
  • Pools: 0
  • Holders: 14,816

Why it matches:
    • Chain age: 1.2 months
  • Market cap: $7.9M
  • Trading activity: 5,198 swaps

Risk factors:
    • High PSL: 15.4% of top 10


CA: 0x6245e67affa44a23077f0ea7f981a8dc743a0c47
  ✓ Alert sent to Discord
🏗️  INFRASTRUCTURE FLYWHEEL MATCH

Project: $AAPL on Robinhood Chain

Metrics:
  • MC: $5.7M
  • Age: 0.0 months
  • Pools: 0
  • Holders: 64,084

Why it matches:
    • Chain age: 0.0 months
  • Market cap: $5.7M
  • Trading activity: 24,989 swaps

Risk factors:
    • High PSL: 36.5% of top 10


CA: 0xaf3d76f1834a1d425780943c99ea8a608f8a93f9
  Discord message send failed: 429
🏗️  INFRASTRUCTURE FLYWHEEL MATCH

Project: $MOO on Robinhood Chain

Metrics:
  • MC: $25.3M
  • Age: 1.5 months
  • Pools: 0
  • Holders: 6,212

Why it matches:
    • Chain age: 1.5 months
  • Market cap: $25.3M
  • Trading activity: 11,584 swaps

Risk factors:
    • High PSL: 14.7% of top 10


CA: 0xd9db30bb0d2b8d2eae3826a1372117e058791e18
  Discord message send failed: 429
🏗️  INFRASTRUCTURE FLYWHEEL MATCH

Project: $AMC on Robinhood Chain

Metrics:
  • MC: $7.4M
  • Age: 0.0 months
  • Pools: 0
  • Holders: 8,023

Why it matches:
    • Chain age: 0.0 months
  • Market cap: $7.4M
  • Trading activity: 19,092 swaps

Risk factors:
    • High PSL: 30.7% of top 10


CA: 0x05a3d1cd21d0c88145e82600e62e7e496e0f222b
  ✓ Alert sent to Discord
🏗️  INFRASTRUCTURE FLYWHEEL MATCH

Project: $DELTA on Robinhood Chain

Metrics:
  • MC: $13.4M
  • Age: 1.2 months
  • Pools: 0
  • Holders: 15,318

Why it matches:
    • Chain age: 1.2 months
  • Market cap: $13.4M
  • Trading activity: 7,922 swaps

Risk factors:
    • High PSL: 27.3% of top 10


CA: 0xe8ffd7e24187f72afb08d75b1bb13088a989a791
  Discord message send failed: 429
🏗️  INFRASTRUCTURE FLYWHEEL MATCH

Project: $RAM on Robinhood Chain

Metrics:
  • MC: $5.7M
  • Age: 0.7 months
  • Pools: 0
  • Holders: 9,664

Why it matches:
    • Chain age: 0.7 months
  • Market cap: $5.7M
  • Trading activity: 4,853 swaps

Risk factors:
    • High PSL: 13.4% of top 10


CA: 0x5173d45a1191ee33cbb7d8c7e65f21b04ed54802
  ✓ Alert sent to Discord
🏗️  INFRASTRUCTURE FLYWHEEL MATCH

Project: $BUN on Robinhood Chain

Metrics:
  • MC: $27.2M
  • Age: 0.1 months
  • Pools: 0
  • Holders: 1,672

Why it matches:
    • Chain age: 0.1 months
  • Market cap: $27.2M
  • Trading activity: 3,551 swaps

Risk factors:
    • High PSL: 74.4% of top 10
  • Concentration: Top 10 holds 74.4%


CA: 0x07ebb29a38fbcb41563817e5e19f2cec619c90d2
  ✓ Alert sent to Discord
🏗️  INFRASTRUCTURE FLYWHEEL MATCH

Project: $DTF on Robinhood Chain

Metrics:
  • MC: $5.9M
  • Age: 0.4 months
  • Pools: 0
  • Holders: 8,385

Why it matches:
    • Chain age: 0.4 months
  • Market cap: $5.9M
  • Trading activity: 3,110 swaps

Risk factors:
    • High PSL: 37.9% of top 10


CA: 0xee5576fa1bcaa380e591d01245f406f3f384eb01
  Discord message send failed: 429
🏗️  INFRASTRUCTURE FLYWHEEL MATCH

Project: $HOOKR on Robinhood Chain

Metrics:
  • MC: $19.5M
  • Age: 1.0 months
  • Pools: 0
  • Holders: 6,648

Why it matches:
    • Chain age: 1.0 months
  • Market cap: $19.5M
  • Trading activity: 7,851 swaps

Risk factors:
    • High PSL: 15.3% of top 10


CA: 0x18e674231a58c239dc7daedcffe15ec3a24cff5c
  ✓ Alert sent to Discord

Scan complete in 22.5s - Found 30 matches

[2026-09-05T21:27:03.934Z] Running scan...

Found 100 coins to evaluate

🏗️  INFRASTRUCTURE FLYWHEEL MATCH

Project: $ZZZ on Robinhood Chain

Metrics:
  • MC: $12.0M
  • Age: 0.0 months
  • Pools: 0
  • Holders: 7,714

Why it matches:
    • Chain age: 0.0 months
  • Market cap: $12.0M
  • Trading activity: 91,518 swaps

Risk factors:
    • High PSL: 18.0% of top 10


CA: 0x7dbf38976f6d3b9c529e7d9484a71898b409ee6a
  ✓ Alert sent to Discord
🏗️  INFRASTRUCTURE FLYWHEEL MATCH

Project: $MEME on Robinhood Chain

Metrics:
  • MC: $39.1M
  • Age: 0.1 months
  • Pools: 0
  • Holders: 25,096

Why it matches:
    • Chain age: 0.1 months
  • Market cap: $39.1M
  • Trading activity: 77,485 swaps



CA: 0x385f4f8ae47651ce5f58f5265395a669f8281e18
  ✓ Alert sent to Discord
🏗️  INFRASTRUCTURE FLYWHEEL MATCH

Project: $SHROOM on Robinhood Chain

Metrics:
  • MC: $52.9M
  • Age: 0.1 months
  • Pools: 0
  • Holders: 8,319

Why it matches:
    • Chain age: 0.1 months
  • Market cap: $52.9M
  • Trading activity: 68,828 swaps

Risk factors:
    • High PSL: 21.5% of top 10


CA: 0xab093def657f15df31b33922a95e047add645b29
  ✓ Alert sent to Discord
🏗️  INFRASTRUCTURE FLYWHEEL MATCH

Project: $Ponsan on Robinhood Chain

Metrics:
  • MC: $6.4M
  • Age: 0.0 months
  • Pools: 0
  • Holders: 9,170

Why it matches:
    • Chain age: 0.0 months
  • Market cap: $6.4M
  • Trading activity: 66,650 swaps

Risk factors:
    • High PSL: 11.1% of top 10


CA: 0x97216593d3b2769da6f0adeee6fb8e36da4e319f
  ✓ Alert sent to Discord
🏗️  INFRASTRUCTURE FLYWHEEL MATCH

Project: $par on Robinhood Chain

Metrics:
  • MC: $7.0M
  • Age: 0.0 months
  • Pools: 0
  • Holders: 4,174

Why it matches:
    • Chain age: 0.0 months
  • Market cap: $7.0M
  • Trading activity: 33,486 swaps

Risk factors:
    • High PSL: 15.8% of top 10


CA: 0x507b6f349a80114097a67b8b4677367acc15b220
  ✓ Alert sent to Discord
🏗️  INFRASTRUCTURE FLYWHEEL MATCH

Project: $SPCX on Robinhood Chain

Metrics:
  • MC: $8.8M
  • Age: 0.0 months
  • Pools: 0
  • Holders: 82,018

Why it matches:
    • Chain age: 0.0 months
  • Market cap: $8.8M
  • Trading activity: 243,527 swaps

Risk factors:
    • High PSL: 29.1% of top 10


CA: 0x4a0e65a3eccec6dbe60ae065f2e7bb85fae35eea
  ✓ Alert sent to Discord
🏗️  INFRASTRUCTURE FLYWHEEL MATCH

Project: $SPY on Robinhood Chain

Metrics:
  • MC: $17.5M
  • Age: 0.0 months
  • Pools: 0
  • Holders: 59,383

Why it matches:
    • Chain age: 0.0 months
  • Market cap: $17.5M
  • Trading activity: 181,986 swaps

Risk factors:
    • High PSL: 14.9% of top 10


CA: 0x117cc2133c37b721f49de2a7a74833232b3b4c0c
  ✓ Alert sent to Discord
🏗️  INFRASTRUCTURE FLYWHEEL MATCH

Project: $NVDA on Robinhood Chain

Metrics:
  • MC: $15.3M
  • Age: 0.0 months
  • Pools: 0
  • Holders: 109,688

Why it matches:
    • Chain age: 0.0 months
  • Market cap: $15.3M
  • Trading activity: 187,461 swaps

Risk factors:
    • High PSL: 23.7% of top 10


CA: 0xd0601ce157db5bdc3162bbac2a2c8af5320d9eec
  ✓ Alert sent to Discord
🏗️  INFRASTRUCTURE FLYWHEEL MATCH

Project: $microduck on Robinhood Chain

Metrics:
  • MC: $30.5M
  • Age: 0.3 months
  • Pools: 0
  • Holders: 19,459

Why it matches:
    • Chain age: 0.3 months
  • Market cap: $30.5M
  • Trading activity: 20,113 swaps

Risk factors:
    • High PSL: 17.0% of top 10


CA: 0xd5f1afea47b1a9eab414d2ee740cf1d6d039e725
  ✓ Alert sent to Discord
🏗️  INFRASTRUCTURE FLYWHEEL MATCH

Project: $ROBINCAT on Robinhood Chain

Metrics:
  • MC: $9.2M
  • Age: 0.2 months
  • Pools: 0
  • Holders: 11,893

Why it matches:
    • Chain age: 0.2 months
  • Market cap: $9.2M
  • Trading activity: 19,813 swaps

Risk factors:
    • High PSL: 13.7% of top 10


CA: 0xded852de9fe9ba9b6f27f39e8e81cf851a5c79cc
  Discord message send failed: 429
🏗️  INFRASTRUCTURE FLYWHEEL MATCH

Project: $FATCOIN on Robinhood Chain

Metrics:
  • MC: $27.3M
  • Age: 0.1 months
  • Pools: 0
  • Holders: 7,705

Why it matches:
    • Chain age: 0.1 months
  • Market cap: $27.3M
  • Trading activity: 17,645 swaps

Risk factors:
    • High PSL: 11.1% of top 10


CA: 0x12d5ee7917ca430073c3a638ee1e6f0648a98a01
  ✓ Alert sent to Discord
🏗️  INFRASTRUCTURE FLYWHEEL MATCH

Project: $NUKE on Robinhood Chain

Metrics:
  • MC: $5.8M
  • Age: 0.0 months
  • Pools: 0
  • Holders: 1,102

Why it matches:
    • Chain age: 0.0 months
  • Market cap: $5.8M
  • Trading activity: 17,398 swaps

Risk factors:
    • High PSL: 84.0% of top 10
  • Concentration: Top 10 holds 84.0%


CA: 0x0000000005aca17e8bd5779fc87e13cb433aed24
  ✓ Alert sent to Discord
🏗️  INFRASTRUCTURE FLYWHEEL MATCH

Project: $BONER on Robinhood Chain

Metrics:
  • MC: $35.7M
  • Age: 0.3 months
  • Pools: 0
  • Holders: 17,218

Why it matches:
    • Chain age: 0.3 months
  • Market cap: $35.7M
  • Trading activity: 15,781 swaps

Risk factors:
    • High PSL: 16.2% of top 10


CA: 0x98096d17e191b3da1d5f99a6d7b3584351b11e18
  ✓ Alert sent to Discord
🏗️  INFRASTRUCTURE FLYWHEEL MATCH

Project: $NUDES on Robinhood Chain

Metrics:
  • MC: $21.8M
  • Age: 0.1 months
  • Pools: 0
  • Holders: 8,296

Why it matches:
    • Chain age: 0.1 months
  • Market cap: $21.8M
  • Trading activity: 16,017 swaps

Risk factors:
    • High PSL: 10.7% of top 10


CA: 0xbe98b75361935b18d688409424a869a4c3dc7401
  Discord message send failed: 429
🏗️  INFRASTRUCTURE FLYWHEEL MATCH

Project: $GRASS on Robinhood Chain

Metrics:
  • MC: $8.2M
  • Age: 0.1 months
  • Pools: 0
  • Holders: 6,884

Why it matches:
    • Chain age: 0.1 months
  • Market cap: $8.2M
  • Trading activity: 16,600 swaps

Risk factors:
    • High PSL: 13.4% of top 10


CA: 0x16391c40e85fb2246a2c8c17bfa2594c5d3ef84b
  Discord message send failed: 429
🏗️  INFRASTRUCTURE FLYWHEEL MATCH

Project: $PAIR on Robinhood Chain

Metrics:
  • MC: $15.7M
  • Age: 0.1 months
  • Pools: 0
  • Holders: 6,270

Why it matches:
    • Chain age: 0.1 months
  • Market cap: $15.7M
  • Trading activity: 13,642 swaps

Risk factors:
    • High PSL: 11.5% of top 10


CA: 0x6b1d42927b1a84ec28fa88d4fc6fa7af404966be
  ✓ Alert sent to Discord
🏗️  INFRASTRUCTURE FLYWHEEL MATCH

Project: $UBIK on Robinhood Chain

Metrics:
  • MC: $17.4M
  • Age: 0.1 months
  • Pools: 0
  • Holders: 6,141

Why it matches:
    • Chain age: 0.1 months
  • Market cap: $17.4M
  • Trading activity: 11,340 swaps

Risk factors:
    • High PSL: 18.1% of top 10


CA: 0x812486eaea648819853f8e372dc9f1516c7868bd
  Discord message send failed: 429
🏗️  INFRASTRUCTURE FLYWHEEL MATCH

Project: $STONKBROKER on Robinhood Chain

Metrics:
  • MC: $39.2M
  • Age: 1.3 months
  • Pools: 0
  • Holders: 33,611

Why it matches:
    • Chain age: 1.3 months
  • Market cap: $39.2M
  • Trading activity: 9,284 swaps

Risk factors:
    • High PSL: 56.7% of top 10
  • Concentration: Top 10 holds 56.7%


CA: 0xe934e36a439c94017b64a3fece66af12099abf50
  ✓ Alert sent to Discord
🏗️  INFRASTRUCTURE FLYWHEEL MATCH

Project: $GLD on Robinhood Chain

Metrics:
  • MC: $6.4M
  • Age: 0.0 months
  • Pools: 0
  • Holders: 21,309

Why it matches:
    • Chain age: 0.0 months
  • Market cap: $6.4M
  • Trading activity: 51,222 swaps

Risk factors:
    • High PSL: 13.7% of top 10


CA: 0xc9a981fee1f9dec688bb123ccdecc63d0debfc4e
  Discord message send failed: 429
🏗️  INFRASTRUCTURE FLYWHEEL MATCH

Project: $PROLOGUE on Robinhood Chain

Metrics:
  • MC: $9.5M
  • Age: 0.6 months
  • Pools: 0
  • Holders: 7,704

Why it matches:
    • Chain age: 0.6 months
  • Market cap: $9.5M
  • Trading activity: 9,926 swaps

Risk factors:
    • High PSL: 18.6% of top 10


CA: 0xb9972ca7188e511174947e3936a5315ac7073277
  Discord message send failed: 429
🏗️  INFRASTRUCTURE FLYWHEEL MATCH

Project: $GG on Robinhood Chain

Metrics:
  • MC: $7.4M
  • Age: 0.3 months
  • Pools: 0
  • Holders: 6,422

Why it matches:
    • Chain age: 0.3 months
  • Market cap: $7.4M
  • Trading activity: 7,258 swaps

Risk factors:
    • High PSL: 16.6% of top 10


CA: 0xcacb0e9caccee63ec4d82952e561a291c68bcb68
  ✓ Alert sent to Discord
🏗️  INFRASTRUCTURE FLYWHEEL MATCH

Project: $FRONG on Robinhood Chain

Metrics:
  • MC: $8.0M
  • Age: 1.2 months
  • Pools: 0
  • Holders: 14,820

Why it matches:
    • Chain age: 1.2 months
  • Market cap: $8.0M
  • Trading activity: 5,213 swaps

Risk factors:
    • High PSL: 15.4% of top 10


CA: 0x6245e67affa44a23077f0ea7f981a8dc743a0c47
  Discord message send failed: 429
🏗️  INFRASTRUCTURE FLYWHEEL MATCH

Project: $AAPL on Robinhood Chain

Metrics:
  • MC: $5.7M
  • Age: 0.0 months
  • Pools: 0
  • Holders: 64,084

Why it matches:
    • Chain age: 0.0 months
  • Market cap: $5.7M
  • Trading activity: 25,347 swaps

Risk factors:
    • High PSL: 36.6% of top 10


CA: 0xaf3d76f1834a1d425780943c99ea8a608f8a93f9
  ✓ Alert sent to Discord
🏗️  INFRASTRUCTURE FLYWHEEL MATCH

Project: $MOO on Robinhood Chain

Metrics:
  • MC: $25.4M
  • Age: 1.5 months
  • Pools: 0
  • Holders: 6,218

Why it matches:
    • Chain age: 1.5 months
  • Market cap: $25.4M
  • Trading activity: 11,633 swaps

Risk factors:
    • High PSL: 14.7% of top 10


CA: 0xd9db30bb0d2b8d2eae3826a1372117e058791e18
  Discord message send failed: 429
🏗️  INFRASTRUCTURE FLYWHEEL MATCH

Project: $AMC on Robinhood Chain

Metrics:
  • MC: $7.4M
  • Age: 0.0 months
  • Pools: 0
  • Holders: 8,017

Why it matches:
    • Chain age: 0.0 months
  • Market cap: $7.4M
  • Trading activity: 19,116 swaps

Risk factors:
    • High PSL: 30.7% of top 10


CA: 0x05a3d1cd21d0c88145e82600e62e7e496e0f222b
  Discord message send failed: 429
🏗️  INFRASTRUCTURE FLYWHEEL MATCH

Project: $DELTA on Robinhood Chain

Metrics:
  • MC: $13.4M
  • Age: 1.2 months
  • Pools: 0
  • Holders: 15,319

Why it matches:
    • Chain age: 1.2 months
  • Market cap: $13.4M
  • Trading activity: 7,951 swaps

Risk factors:
    • High PSL: 27.2% of top 10


CA: 0xe8ffd7e24187f72afb08d75b1bb13088a989a791
  Discord message send failed: 429
🏗️  INFRASTRUCTURE FLYWHEEL MATCH

Project: $RAM on Robinhood Chain

Metrics:
  • MC: $5.9M
  • Age: 0.7 months
  • Pools: 0
  • Holders: 9,689

Why it matches:
    • Chain age: 0.7 months
  • Market cap: $5.9M
  • Trading activity: 4,888 swaps

Risk factors:
    • High PSL: 13.4% of top 10


CA: 0x5173d45a1191ee33cbb7d8c7e65f21b04ed54802
  ✓ Alert sent to Discord
🏗️  INFRASTRUCTURE FLYWHEEL MATCH

Project: $BUN on Robinhood Chain

Metrics:
  • MC: $25.4M
  • Age: 0.1 months
  • Pools: 0
  • Holders: 1,673

Why it matches:
    • Chain age: 0.1 months
  • Market cap: $25.4M
  • Trading activity: 3,567 swaps

Risk factors:
    • High PSL: 74.4% of top 10
  • Concentration: Top 10 holds 74.4%


CA: 0x07ebb29a38fbcb41563817e5e19f2cec619c90d2
  Discord message send failed: 429
🏗️  INFRASTRUCTURE FLYWHEEL MATCH

Project: $DTF on Robinhood Chain

Metrics:
  • MC: $5.9M
  • Age: 0.4 months
  • Pools: 0
  • Holders: 8,387

Why it matches:
    • Chain age: 0.4 months
  • Market cap: $5.9M
  • Trading activity: 3,116 swaps

Risk factors:
    • High PSL: 37.9% of top 10


CA: 0xee5576fa1bcaa380e591d01245f406f3f384eb01
  Discord message send failed: 429
🏗️  INFRASTRUCTURE FLYWHEEL MATCH

Project: $HOOKR on Robinhood Chain

Metrics:
  • MC: $19.5M
  • Age: 1.0 months
  • Pools: 0
  • Holders: 6,654

Why it matches:
    • Chain age: 1.0 months
  • Market cap: $19.5M
  • Trading activity: 7,876 swaps

Risk factors:
    • High PSL: 15.3% of top 10


CA: 0x18e674231a58c239dc7daedcffe15ec3a24cff5c
  ✓ Alert sent to Discord

Scan complete in 19.1s - Found 30 matches

[2026-09-05T21:37:23.002Z] Running scan...

Found 100 coins to evaluate

🏗️  INFRASTRUCTURE FLYWHEEL MATCH

Project: $ZZZ on Robinhood Chain

Metrics:
  • MC: $11.2M
  • Age: 0.0 months
  • Pools: 0
  • Holders: 7,673

Why it matches:
    • Chain age: 0.0 months
  • Market cap: $11.2M
  • Trading activity: 91,791 swaps

Risk factors:
    • High PSL: 18.0% of top 10


CA: 0x7dbf38976f6d3b9c529e7d9484a71898b409ee6a
  ✓ Alert sent to Discord
🏗️  INFRASTRUCTURE FLYWHEEL MATCH

Project: $MEME on Robinhood Chain

Metrics:
  • MC: $42.9M
  • Age: 0.1 months
  • Pools: 0
  • Holders: 25,271

Why it matches:
    • Chain age: 0.1 months
  • Market cap: $42.9M
  • Trading activity: 77,146 swaps



CA: 0x385f4f8ae47651ce5f58f5265395a669f8281e18
  ✓ Alert sent to Discord
🏗️  INFRASTRUCTURE FLYWHEEL MATCH

Project: $SHROOM on Robinhood Chain

Metrics:
  • MC: $53.5M
  • Age: 0.1 months
  • Pools: 0
  • Holders: 8,337

Why it matches:
    • Chain age: 0.1 months
  • Market cap: $53.5M
  • Trading activity: 68,662 swaps

Risk factors:
    • High PSL: 21.5% of top 10


CA: 0xab093def657f15df31b33922a95e047add645b29
  ✓ Alert sent to Discord
🏗️  INFRASTRUCTURE FLYWHEEL MATCH

Project: $Ponsan on Robinhood Chain

Metrics:
  • MC: $6.7M
  • Age: 0.0 months
  • Pools: 0
  • Holders: 9,181

Why it matches:
    • Chain age: 0.0 months
  • Market cap: $6.7M
  • Trading activity: 67,006 swaps

Risk factors:
    • High PSL: 11.1% of top 10


CA: 0x97216593d3b2769da6f0adeee6fb8e36da4e319f
  ✓ Alert sent to Discord
🏗️  INFRASTRUCTURE FLYWHEEL MATCH

Project: $par on Robinhood Chain

Metrics:
  • MC: $6.6M
  • Age: 0.0 months
  • Pools: 0
  • Holders: 4,211

Why it matches:
    • Chain age: 0.0 months
  • Market cap: $6.6M
  • Trading activity: 31,816 swaps

Risk factors:
    • High PSL: 15.8% of top 10


CA: 0x507b6f349a80114097a67b8b4677367acc15b220
  ✓ Alert sent to Discord
🏗️  INFRASTRUCTURE FLYWHEEL MATCH

Project: $SPCX on Robinhood Chain

Metrics:
  • MC: $8.8M
  • Age: 0.0 months
  • Pools: 0
  • Holders: 82,034

Why it matches:
    • Chain age: 0.0 months
  • Market cap: $8.8M
  • Trading activity: 243,866 swaps

Risk factors:
    • High PSL: 29.1% of top 10


CA: 0x4a0e65a3eccec6dbe60ae065f2e7bb85fae35eea
  ✓ Alert sent to Discord
🏗️  INFRASTRUCTURE FLYWHEEL MATCH

Project: $SPY on Robinhood Chain

Metrics:
  • MC: $17.4M
  • Age: 0.0 months
  • Pools: 0
  • Holders: 59,335

Why it matches:
    • Chain age: 0.0 months
  • Market cap: $17.4M
  • Trading activity: 180,216 swaps

Risk factors:
    • High PSL: 14.9% of top 10


CA: 0x117cc2133c37b721f49de2a7a74833232b3b4c0c
  ✓ Alert sent to Discord
🏗️  INFRASTRUCTURE FLYWHEEL MATCH

Project: $NVDA on Robinhood Chain

Metrics:
  • MC: $15.3M
  • Age: 0.0 months
  • Pools: 0
  • Holders: 109,703

Why it matches:
    • Chain age: 0.0 months
  • Market cap: $15.3M
  • Trading activity: 187,574 swaps

Risk factors:
    • High PSL: 23.6% of top 10


CA: 0xd0601ce157db5bdc3162bbac2a2c8af5320d9eec
  ✓ Alert sent to Discord
🏗️  INFRASTRUCTURE FLYWHEEL MATCH

Project: $microduck on Robinhood Chain

Metrics:
  • MC: $29.7M
  • Age: 0.3 months
  • Pools: 0
  • Holders: 19,447

Why it matches:
    • Chain age: 0.3 months
  • Market cap: $29.7M
  • Trading activity: 20,076 swaps

Risk factors:
    • High PSL: 17.0% of top 10


CA: 0xd5f1afea47b1a9eab414d2ee740cf1d6d039e725
  ✓ Alert sent to Discord
🏗️  INFRASTRUCTURE FLYWHEEL MATCH

Project: $ROBINCAT on Robinhood Chain

Metrics:
  • MC: $10.0M
  • Age: 0.2 months
  • Pools: 0
  • Holders: 11,890

Why it matches:
    • Chain age: 0.2 months
  • Market cap: $10.0M
  • Trading activity: 19,712 swaps

Risk factors:
    • High PSL: 13.7% of top 10


CA: 0xded852de9fe9ba9b6f27f39e8e81cf851a5c79cc
  Discord message send failed: 429
🏗️  INFRASTRUCTURE FLYWHEEL MATCH

Project: $FATCOIN on Robinhood Chain

Metrics:
  • MC: $27.5M
  • Age: 0.1 months
  • Pools: 0
  • Holders: 7,705

Why it matches:
    • Chain age: 0.1 months
  • Market cap: $27.5M
  • Trading activity: 17,369 swaps

Risk factors:
    • High PSL: 11.1% of top 10


CA: 0x12d5ee7917ca430073c3a638ee1e6f0648a98a01
  ✓ Alert sent to Discord
🏗️  INFRASTRUCTURE FLYWHEEL MATCH

Project: $NUKE on Robinhood Chain

Metrics:
  • MC: $5.8M
  • Age: 0.0 months
  • Pools: 0
  • Holders: 1,106

Why it matches:
    • Chain age: 0.0 months
  • Market cap: $5.8M
  • Trading activity: 17,408 swaps

Risk factors:
    • High PSL: 84.0% of top 10
  • Concentration: Top 10 holds 84.0%


CA: 0x0000000005aca17e8bd5779fc87e13cb433aed24
  ✓ Alert sent to Discord
🏗️  INFRASTRUCTURE FLYWHEEL MATCH

Project: $BONER on Robinhood Chain

Metrics:
  • MC: $35.2M
  • Age: 0.3 months
  • Pools: 0
  • Holders: 17,217

Why it matches:
    • Chain age: 0.3 months
  • Market cap: $35.2M
  • Trading activity: 15,483 swaps

Risk factors:
    • High PSL: 16.2% of top 10


CA: 0x98096d17e191b3da1d5f99a6d7b3584351b11e18
  ✓ Alert sent to Discord
🏗️  INFRASTRUCTURE FLYWHEEL MATCH

Project: $NUDES on Robinhood Chain

Metrics:
  • MC: $20.2M
  • Age: 0.1 months
  • Pools: 0
  • Holders: 8,284

Why it matches:
    • Chain age: 0.1 months
  • Market cap: $20.2M
  • Trading activity: 15,906 swaps

Risk factors:
    • High PSL: 10.7% of top 10


CA: 0xbe98b75361935b18d688409424a869a4c3dc7401
  Discord message send failed: 429
🏗️  INFRASTRUCTURE FLYWHEEL MATCH

Project: $GRASS on Robinhood Chain

Metrics:
  • MC: $8.3M
  • Age: 0.1 months
  • Pools: 0
  • Holders: 6,888

Why it matches:
    • Chain age: 0.1 months
  • Market cap: $8.3M
  • Trading activity: 16,344 swaps

Risk factors:
    • High PSL: 13.4% of top 10


CA: 0x16391c40e85fb2246a2c8c17bfa2594c5d3ef84b
  Discord message send failed: 429
🏗️  INFRASTRUCTURE FLYWHEEL MATCH

Project: $PAIR on Robinhood Chain

Metrics:
  • MC: $16.2M
  • Age: 0.1 months
  • Pools: 0
  • Holders: 6,275

Why it matches:
    • Chain age: 0.1 months
  • Market cap: $16.2M
  • Trading activity: 13,653 swaps

Risk factors:
    • High PSL: 11.5% of top 10


CA: 0x6b1d42927b1a84ec28fa88d4fc6fa7af404966be
  ✓ Alert sent to Discord
🏗️  INFRASTRUCTURE FLYWHEEL MATCH

Project: $UBIK on Robinhood Chain

Metrics:
  • MC: $16.3M
  • Age: 0.1 months
  • Pools: 0
  • Holders: 6,133

Why it matches:
    • Chain age: 0.1 months
  • Market cap: $16.3M
  • Trading activity: 11,371 swaps

Risk factors:
    • High PSL: 18.1% of top 10


CA: 0x812486eaea648819853f8e372dc9f1516c7868bd
  Discord message send failed: 429
🏗️  INFRASTRUCTURE FLYWHEEL MATCH

Project: $STONKBROKER on Robinhood Chain

Metrics:
  • MC: $38.5M
  • Age: 1.3 months
  • Pools: 0
  • Holders: 33,610

Why it matches:
    • Chain age: 1.3 months
  • Market cap: $38.5M
  • Trading activity: 9,299 swaps

Risk factors:
    • High PSL: 56.7% of top 10
  • Concentration: Top 10 holds 56.7%


CA: 0xe934e36a439c94017b64a3fece66af12099abf50
  ✓ Alert sent to Discord
🏗️  INFRASTRUCTURE FLYWHEEL MATCH

Project: $GLD on Robinhood Chain

Metrics:
  • MC: $6.4M
  • Age: 0.0 months
  • Pools: 0
  • Holders: 21,298

Why it matches:
    • Chain age: 0.0 months
  • Market cap: $6.4M
  • Trading activity: 50,805 swaps

Risk factors:
    • High PSL: 12.8% of top 10


CA: 0xc9a981fee1f9dec688bb123ccdecc63d0debfc4e
  Discord message send failed: 429
🏗️  INFRASTRUCTURE FLYWHEEL MATCH

Project: $PROLOGUE on Robinhood Chain

Metrics:
  • MC: $9.7M
  • Age: 0.6 months
  • Pools: 0
  • Holders: 7,701

Why it matches:
    • Chain age: 0.6 months
  • Market cap: $9.7M
  • Trading activity: 9,921 swaps

Risk factors:
    • High PSL: 18.6% of top 10


CA: 0xb9972ca7188e511174947e3936a5315ac7073277
  ✓ Alert sent to Discord
🏗️  INFRASTRUCTURE FLYWHEEL MATCH

Project: $GG on Robinhood Chain

Metrics:
  • MC: $6.5M
  • Age: 0.3 months
  • Pools: 0
  • Holders: 6,419

Why it matches:
    • Chain age: 0.3 months
  • Market cap: $6.5M
  • Trading activity: 7,263 swaps

Risk factors:
    • High PSL: 16.6% of top 10


CA: 0xcacb0e9caccee63ec4d82952e561a291c68bcb68
  Discord message send failed: 429
🏗️  INFRASTRUCTURE FLYWHEEL MATCH

Project: $FRONG on Robinhood Chain

Metrics:
  • MC: $8.0M
  • Age: 1.2 months
  • Pools: 0
  • Holders: 14,819

Why it matches:
    • Chain age: 1.2 months
  • Market cap: $8.0M
  • Trading activity: 5,185 swaps

Risk factors:
    • High PSL: 15.4% of top 10


CA: 0x6245e67affa44a23077f0ea7f981a8dc743a0c47
  ✓ Alert sent to Discord
🏗️  INFRASTRUCTURE FLYWHEEL MATCH

Project: $AAPL on Robinhood Chain

Metrics:
  • MC: $5.7M
  • Age: 0.0 months
  • Pools: 0
  • Holders: 64,087

Why it matches:
    • Chain age: 0.0 months
  • Market cap: $5.7M
  • Trading activity: 24,641 swaps

Risk factors:
    • High PSL: 36.6% of top 10


CA: 0xaf3d76f1834a1d425780943c99ea8a608f8a93f9
  Discord message send failed: 429
🏗️  INFRASTRUCTURE FLYWHEEL MATCH

Project: $MOO on Robinhood Chain

Metrics:
  • MC: $25.4M
  • Age: 1.5 months
  • Pools: 0
  • Holders: 6,213

Why it matches:
    • Chain age: 1.5 months
  • Market cap: $25.4M
  • Trading activity: 11,552 swaps

Risk factors:
    • High PSL: 14.7% of top 10


CA: 0xd9db30bb0d2b8d2eae3826a1372117e058791e18
  ✓ Alert sent to Discord
🏗️  INFRASTRUCTURE FLYWHEEL MATCH

Project: $BUN on Robinhood Chain

Metrics:
  • MC: $25.4M
  • Age: 0.1 months
  • Pools: 0
  • Holders: 1,675

Why it matches:
    • Chain age: 0.1 months
  • Market cap: $25.4M
  • Trading activity: 3,581 swaps

Risk factors:
    • High PSL: 74.4% of top 10
  • Concentration: Top 10 holds 74.4%


CA: 0x07ebb29a38fbcb41563817e5e19f2cec619c90d2
  Discord message send failed: 429
🏗️  INFRASTRUCTURE FLYWHEEL MATCH

Project: $DELTA on Robinhood Chain

Metrics:
  • MC: $13.4M
  • Age: 1.2 months
  • Pools: 0
  • Holders: 15,318

Why it matches:
    • Chain age: 1.2 months
  • Market cap: $13.4M
  • Trading activity: 7,914 swaps

Risk factors:
    • High PSL: 27.2% of top 10


CA: 0xe8ffd7e24187f72afb08d75b1bb13088a989a791
  Discord message send failed: 429
🏗️  INFRASTRUCTURE FLYWHEEL MATCH

Project: $RAM on Robinhood Chain

Metrics:
  • MC: $5.9M
  • Age: 0.7 months
  • Pools: 0
  • Holders: 9,701

Why it matches:
    • Chain age: 0.7 months
  • Market cap: $5.9M
  • Trading activity: 4,867 swaps

Risk factors:
    • High PSL: 13.4% of top 10


CA: 0x5173d45a1191ee33cbb7d8c7e65f21b04ed54802
  ✓ Alert sent to Discord
🏗️  INFRASTRUCTURE FLYWHEEL MATCH

Project: $AMC on Robinhood Chain

Metrics:
  • MC: $7.4M
  • Age: 0.0 months
  • Pools: 0
  • Holders: 8,018

Why it matches:
    • Chain age: 0.0 months
  • Market cap: $7.4M
  • Trading activity: 18,523 swaps

Risk factors:
    • High PSL: 30.7% of top 10


CA: 0x05a3d1cd21d0c88145e82600e62e7e496e0f222b
  Discord message send failed: 429
🏗️  INFRASTRUCTURE FLYWHEEL MATCH

Project: $DTF on Robinhood Chain

Metrics:
  • MC: $5.9M
  • Age: 0.4 months
  • Pools: 0
  • Holders: 8,385

Why it matches:
    • Chain age: 0.4 months
  • Market cap: $5.9M
  • Trading activity: 3,107 swaps

Risk factors:
    • High PSL: 37.9% of top 10


CA: 0xee5576fa1bcaa380e591d01245f406f3f384eb01
  Discord message send failed: 429
🏗️  INFRASTRUCTURE FLYWHEEL MATCH

Project: $HOOKR on Robinhood Chain

Metrics:
  • MC: $19.4M
  • Age: 1.0 months
  • Pools: 0
  • Holders: 6,657

Why it matches:
    • Chain age: 1.0 months
  • Market cap: $19.4M
  • Trading activity: 7,788 swaps

Risk factors:
    • High PSL: 15.3% of top 10


CA: 0x18e674231a58c239dc7daedcffe15ec3a24cff5c
  ✓ Alert sent to Discord

Scan complete in 21.0s - Found 30 matches

[2026-09-05T21:47:44.036Z] Running scan...

Found 100 coins to evaluate

🏗️  INFRASTRUCTURE FLYWHEEL MATCH

Project: $ZZZ on Robinhood Chain

Metrics:
  • MC: $14.3M
  • Age: 0.0 months
  • Pools: 0
  • Holders: 7,870

Why it matches:
    • Chain age: 0.0 months
  • Market cap: $14.3M
  • Trading activity: 92,558 swaps

Risk factors:
    • High PSL: 18.1% of top 10


CA: 0x7dbf38976f6d3b9c529e7d9484a71898b409ee6a
  ✓ Alert sent to Discord
🏗️  INFRASTRUCTURE FLYWHEEL MATCH

Project: $MEME on Robinhood Chain

Metrics:
  • MC: $45.2M
  • Age: 0.1 months
  • Pools: 0
  • Holders: 25,726

Why it matches:
    • Chain age: 0.1 months
  • Market cap: $45.2M
  • Trading activity: 77,072 swaps



CA: 0x385f4f8ae47651ce5f58f5265395a669f8281e18
  ✓ Alert sent to Discord
🏗️  INFRASTRUCTURE FLYWHEEL MATCH

Project: $SHROOM on Robinhood Chain

Metrics:
  • MC: $51.1M
  • Age: 0.1 months
  • Pools: 0
  • Holders: 8,352

Why it matches:
    • Chain age: 0.1 months
  • Market cap: $51.1M
  • Trading activity: 68,567 swaps

Risk factors:
    • High PSL: 21.5% of top 10


CA: 0xab093def657f15df31b33922a95e047add645b29
  ✓ Alert sent to Discord
🏗️  INFRASTRUCTURE FLYWHEEL MATCH

Project: $Ponsan on Robinhood Chain

Metrics:
  • MC: $5.1M
  • Age: 0.0 months
  • Pools: 0
  • Holders: 9,086

Why it matches:
    • Chain age: 0.0 months
  • Market cap: $5.1M
  • Trading activity: 67,583 swaps

Risk factors:
    • High PSL: 11.1% of top 10


CA: 0x97216593d3b2769da6f0adeee6fb8e36da4e319f
  ✓ Alert sent to Discord
🏗️  INFRASTRUCTURE FLYWHEEL MATCH

Project: $par on Robinhood Chain

Metrics:
  • MC: $6.0M
  • Age: 0.0 months
  • Pools: 0
  • Holders: 4,197

Why it matches:
    • Chain age: 0.0 months
  • Market cap: $6.0M
  • Trading activity: 29,600 swaps

Risk factors:
    • High PSL: 15.8% of top 10


CA: 0x507b6f349a80114097a67b8b4677367acc15b220
  ✓ Alert sent to Discord
🏗️  INFRASTRUCTURE FLYWHEEL MATCH

Project: $SPCX on Robinhood Chain

Metrics:
  • MC: $8.8M
  • Age: 0.0 months
  • Pools: 0
  • Holders: 82,046

Why it matches:
    • Chain age: 0.0 months
  • Market cap: $8.8M
  • Trading activity: 243,117 swaps

Risk factors:
    • High PSL: 29.1% of top 10


CA: 0x4a0e65a3eccec6dbe60ae065f2e7bb85fae35eea
  ✓ Alert sent to Discord
🏗️  INFRASTRUCTURE FLYWHEEL MATCH

Project: $SPY on Robinhood Chain

Metrics:
  • MC: $17.4M
  • Age: 0.0 months
  • Pools: 0
  • Holders: 59,292

Why it matches:
    • Chain age: 0.0 months
  • Market cap: $17.4M
  • Trading activity: 179,793 swaps

Risk factors:
    • High PSL: 14.8% of top 10


CA: 0x117cc2133c37b721f49de2a7a74833232b3b4c0c
  ✓ Alert sent to Discord
🏗️  INFRASTRUCTURE FLYWHEEL MATCH

Project: $NVDA on Robinhood Chain

Metrics:
  • MC: $15.3M
  • Age: 0.0 months
  • Pools: 0
  • Holders: 109,696

Why it matches:
    • Chain age: 0.0 months
  • Market cap: $15.3M
  • Trading activity: 186,865 swaps

Risk factors:
    • High PSL: 23.4% of top 10


CA: 0xd0601ce157db5bdc3162bbac2a2c8af5320d9eec
  ✓ Alert sent to Discord
🏗️  INFRASTRUCTURE FLYWHEEL MATCH

Project: $microduck on Robinhood Chain

Metrics:
  • MC: $29.5M
  • Age: 0.3 months
  • Pools: 0
  • Holders: 19,436

Why it matches:
    • Chain age: 0.3 months
  • Market cap: $29.5M
  • Trading activity: 20,059 swaps

Risk factors:
    • High PSL: 17.0% of top 10


CA: 0xd5f1afea47b1a9eab414d2ee740cf1d6d039e725
  ✓ Alert sent to Discord
🏗️  INFRASTRUCTURE FLYWHEEL MATCH

Project: $ROBINCAT on Robinhood Chain

Metrics:
  • MC: $12.6M
  • Age: 0.2 months
  • Pools: 0
  • Holders: 11,884

Why it matches:
    • Chain age: 0.2 months
  • Market cap: $12.6M
  • Trading activity: 19,776 swaps

Risk factors:
    • High PSL: 13.7% of top 10


CA: 0xded852de9fe9ba9b6f27f39e8e81cf851a5c79cc
  ✓ Alert sent to Discord
🏗️  INFRASTRUCTURE FLYWHEEL MATCH

Project: $FATCOIN on Robinhood Chain

Metrics:
  • MC: $27.3M
  • Age: 0.1 months
  • Pools: 0
  • Holders: 7,703

Why it matches:
    • Chain age: 0.1 months
  • Market cap: $27.3M
  • Trading activity: 17,137 swaps

Risk factors:
    • High PSL: 11.1% of top 10


CA: 0x12d5ee7917ca430073c3a638ee1e6f0648a98a01
  ✓ Alert sent to Discord
🏗️  INFRASTRUCTURE FLYWHEEL MATCH

Project: $NUKE on Robinhood Chain

Metrics:
  • MC: $6.8M
  • Age: 0.0 months
  • Pools: 0
  • Holders: 1,142

Why it matches:
    • Chain age: 0.0 months
  • Market cap: $6.8M
  • Trading activity: 17,495 swaps

Risk factors:
    • High PSL: 84.1% of top 10
  • Concentration: Top 10 holds 84.1%


CA: 0x0000000005aca17e8bd5779fc87e13cb433aed24
  ✓ Alert sent to Discord
🏗️  INFRASTRUCTURE FLYWHEEL MATCH

Project: $NUDES on Robinhood Chain

Metrics:
  • MC: $19.1M
  • Age: 0.1 months
  • Pools: 0
  • Holders: 8,272

Why it matches:
    • Chain age: 0.1 months
  • Market cap: $19.1M
  • Trading activity: 15,953 swaps

Risk factors:
    • High PSL: 10.7% of top 10


CA: 0xbe98b75361935b18d688409424a869a4c3dc7401
  ✓ Alert sent to Discord
🏗️  INFRASTRUCTURE FLYWHEEL MATCH

Project: $BONER on Robinhood Chain

Metrics:
  • MC: $34.5M
  • Age: 0.3 months
  • Pools: 0
  • Holders: 17,208

Why it matches:
    • Chain age: 0.3 months
  • Market cap: $34.5M
  • Trading activity: 15,366 swaps

Risk factors:
    • High PSL: 16.2% of top 10


CA: 0x98096d17e191b3da1d5f99a6d7b3584351b11e18
  Discord message send failed: 429
🏗️  INFRASTRUCTURE FLYWHEEL MATCH

Project: $GRASS on Robinhood Chain

Metrics:
  • MC: $7.8M
  • Age: 0.1 months
  • Pools: 0
  • Holders: 6,885

Why it matches:
    • Chain age: 0.1 months
  • Market cap: $7.8M
  • Trading activity: 16,124 swaps

Risk factors:
    • High PSL: 13.4% of top 10


CA: 0x16391c40e85fb2246a2c8c17bfa2594c5d3ef84b
  Discord message send failed: 429
🏗️  INFRASTRUCTURE FLYWHEEL MATCH

Project: $PAIR on Robinhood Chain

Metrics:
  • MC: $18.7M
  • Age: 0.1 months
  • Pools: 0
  • Holders: 6,281

Why it matches:
    • Chain age: 0.1 months
  • Market cap: $18.7M
  • Trading activity: 13,681 swaps

Risk factors:
    • High PSL: 11.5% of top 10


CA: 0x6b1d42927b1a84ec28fa88d4fc6fa7af404966be
  ✓ Alert sent to Discord
🏗️  INFRASTRUCTURE FLYWHEEL MATCH

Project: $UBIK on Robinhood Chain

Metrics:
  • MC: $15.8M
  • Age: 0.1 months
  • Pools: 0
  • Holders: 6,123

Why it matches:
    • Chain age: 0.1 months
  • Market cap: $15.8M
  • Trading activity: 11,445 swaps

Risk factors:
    • High PSL: 18.1% of top 10


CA: 0x812486eaea648819853f8e372dc9f1516c7868bd
  ✓ Alert sent to Discord
🏗️  INFRASTRUCTURE FLYWHEEL MATCH

Project: $STONKBROKER on Robinhood Chain

Metrics:
  • MC: $39.0M
  • Age: 1.3 months
  • Pools: 0
  • Holders: 33,609

Why it matches:
    • Chain age: 1.3 months
  • Market cap: $39.0M
  • Trading activity: 9,233 swaps

Risk factors:
    • High PSL: 56.7% of top 10
  • Concentration: Top 10 holds 56.7%


CA: 0xe934e36a439c94017b64a3fece66af12099abf50
  Discord message send failed: 429
🏗️  INFRASTRUCTURE FLYWHEEL MATCH

Project: $GLD on Robinhood Chain

Metrics:
  • MC: $6.4M
  • Age: 0.0 months
  • Pools: 0
  • Holders: 21,297

Why it matches:
    • Chain age: 0.0 months
  • Market cap: $6.4M
  • Trading activity: 50,619 swaps

Risk factors:
    • High PSL: 12.8% of top 10


CA: 0xc9a981fee1f9dec688bb123ccdecc63d0debfc4e
  Discord message send failed: 429
🏗️  INFRASTRUCTURE FLYWHEEL MATCH

Project: $PROLOGUE on Robinhood Chain

Metrics:
  • MC: $9.9M
  • Age: 0.6 months
  • Pools: 0
  • Holders: 7,695

Why it matches:
    • Chain age: 0.6 months
  • Market cap: $9.9M
  • Trading activity: 9,922 swaps

Risk factors:
    • High PSL: 18.6% of top 10


CA: 0xb9972ca7188e511174947e3936a5315ac7073277
  ✓ Alert sent to Discord
🏗️  INFRASTRUCTURE FLYWHEEL MATCH

Project: $GG on Robinhood Chain

Metrics:
  • MC: $6.9M
  • Age: 0.3 months
  • Pools: 0
  • Holders: 6,424

Why it matches:
    • Chain age: 0.3 months
  • Market cap: $6.9M
  • Trading activity: 7,226 swaps

Risk factors:
    • High PSL: 16.6% of top 10


CA: 0xcacb0e9caccee63ec4d82952e561a291c68bcb68
  Discord message send failed: 429
🏗️  INFRASTRUCTURE FLYWHEEL MATCH

Project: $FRONG on Robinhood Chain

Metrics:
  • MC: $8.0M
  • Age: 1.2 months
  • Pools: 0
  • Holders: 14,815

Why it matches:
    • Chain age: 1.2 months
  • Market cap: $8.0M
  • Trading activity: 5,111 swaps

Risk factors:
    • High PSL: 15.4% of top 10


CA: 0x6245e67affa44a23077f0ea7f981a8dc743a0c47
  Discord message send failed: 429
🏗️  INFRASTRUCTURE FLYWHEEL MATCH

Project: $MOO on Robinhood Chain

Metrics:
  • MC: $25.7M
  • Age: 1.5 months
  • Pools: 0
  • Holders: 6,212

Why it matches:
    • Chain age: 1.5 months
  • Market cap: $25.7M
  • Trading activity: 11,448 swaps

Risk factors:
    • High PSL: 14.7% of top 10


CA: 0xd9db30bb0d2b8d2eae3826a1372117e058791e18
  ✓ Alert sent to Discord
🏗️  INFRASTRUCTURE FLYWHEEL MATCH

Project: $BUN on Robinhood Chain

Metrics:
  • MC: $25.9M
  • Age: 0.1 months
  • Pools: 0
  • Holders: 1,681

Why it matches:
    • Chain age: 0.1 months
  • Market cap: $25.9M
  • Trading activity: 3,583 swaps

Risk factors:
    • High PSL: 74.4% of top 10
  • Concentration: Top 10 holds 74.4%


CA: 0x07ebb29a38fbcb41563817e5e19f2cec619c90d2
  ✓ Alert sent to Discord
🏗️  INFRASTRUCTURE FLYWHEEL MATCH

Project: $DELTA on Robinhood Chain

Metrics:
  • MC: $13.4M
  • Age: 1.2 months
  • Pools: 0
  • Holders: 15,323

Why it matches:
    • Chain age: 1.2 months
  • Market cap: $13.4M
  • Trading activity: 7,869 swaps

Risk factors:
    • High PSL: 27.2% of top 10


CA: 0xe8ffd7e24187f72afb08d75b1bb13088a989a791
  Discord message send failed: 429
🏗️  INFRASTRUCTURE FLYWHEEL MATCH

Project: $RAM on Robinhood Chain

Metrics:
  • MC: $5.9M
  • Age: 0.7 months
  • Pools: 0
  • Holders: 9,696

Why it matches:
    • Chain age: 0.7 months
  • Market cap: $5.9M
  • Trading activity: 4,856 swaps

Risk factors:
    • High PSL: 13.4% of top 10


CA: 0x5173d45a1191ee33cbb7d8c7e65f21b04ed54802
  Discord message send failed: 429
🏗️  INFRASTRUCTURE FLYWHEEL MATCH

Project: $AMC on Robinhood Chain

Metrics:
  • MC: $7.5M
  • Age: 0.0 months
  • Pools: 0
  • Holders: 8,022

Why it matches:
    • Chain age: 0.0 months
  • Market cap: $7.5M
  • Trading activity: 18,082 swaps

Risk factors:
    • High PSL: 29.7% of top 10


CA: 0x05a3d1cd21d0c88145e82600e62e7e496e0f222b
  ✓ Alert sent to Discord
🏗️  INFRASTRUCTURE FLYWHEEL MATCH

Project: $DTF on Robinhood Chain

Metrics:
  • MC: $5.9M
  • Age: 0.4 months
  • Pools: 0
  • Holders: 8,383

Why it matches:
    • Chain age: 0.4 months
  • Market cap: $5.9M
  • Trading activity: 3,098 swaps

Risk factors:
    • High PSL: 37.9% of top 10


CA: 0xee5576fa1bcaa380e591d01245f406f3f384eb01
  Discord message send failed: 429
🏗️  INFRASTRUCTURE FLYWHEEL MATCH

Project: $ROBIN on Robinhood Chain

Metrics:
  • MC: $5.9M
  • Age: 0.0 months
  • Pools: 0
  • Holders: 3,937

Why it matches:
    • Chain age: 0.0 months
  • Market cap: $5.9M
  • Trading activity: 10,653 swaps



CA: 0x11b70d0243baf75e85ce03201a92b5b7c33beb59
  ✓ Alert sent to Discord
🏗️  INFRASTRUCTURE FLYWHEEL MATCH

Project: $HOOKR on Robinhood Chain

Metrics:
  • MC: $20.2M
  • Age: 1.0 months
  • Pools: 0
  • Holders: 6,663

Why it matches:
    • Chain age: 1.0 months
  • Market cap: $20.2M
  • Trading activity: 7,671 swaps

Risk factors:
    • High PSL: 15.3% of top 10


CA: 0x18e674231a58c239dc7daedcffe15ec3a24cff5c
  ✓ Alert sent to Discord

Scan complete in 26.6s - Found 30 matches

[2026-09-05T21:58:10.634Z] Running scan...

Found 100 coins to evaluate

🏗️  INFRASTRUCTURE FLYWHEEL MATCH

Project: $ZZZ on Robinhood Chain

Metrics:
  • MC: $13.3M
  • Age: 0.0 months
  • Pools: 0
  • Holders: 7,853

Why it matches:
    • Chain age: 0.0 months
  • Market cap: $13.3M
  • Trading activity: 92,736 swaps

Risk factors:
    • High PSL: 18.1% of top 10


CA: 0x7dbf38976f6d3b9c529e7d9484a71898b409ee6a
  ✓ Alert sent to Discord
🏗️  INFRASTRUCTURE FLYWHEEL MATCH

Project: $MEME on Robinhood Chain

Metrics:
  • MC: $48.4M
  • Age: 0.1 months
  • Pools: 0
  • Holders: 25,849

Why it matches:
    • Chain age: 0.1 months
  • Market cap: $48.4M
  • Trading activity: 78,223 swaps



CA: 0x385f4f8ae47651ce5f58f5265395a669f8281e18
  ✓ Alert sent to Discord
🏗️  INFRASTRUCTURE FLYWHEEL MATCH

Project: $SHROOM on Robinhood Chain

Metrics:
  • MC: $48.8M
  • Age: 0.1 months
  • Pools: 0
  • Holders: 8,368

Why it matches:
    • Chain age: 0.1 months
  • Market cap: $48.8M
  • Trading activity: 68,830 swaps

Risk factors:
    • High PSL: 21.5% of top 10


CA: 0xab093def657f15df31b33922a95e047add645b29
  ✓ Alert sent to Discord
🏗️  INFRASTRUCTURE FLYWHEEL MATCH

Project: $Ponsan on Robinhood Chain

Metrics:
  • MC: $6.6M
  • Age: 0.0 months
  • Pools: 0
  • Holders: 9,227

Why it matches:
    • Chain age: 0.0 months
  • Market cap: $6.6M
  • Trading activity: 68,560 swaps

Risk factors:
    • High PSL: 11.1% of top 10


CA: 0x97216593d3b2769da6f0adeee6fb8e36da4e319f
  ✓ Alert sent to Discord
🏗️  INFRASTRUCTURE FLYWHEEL MATCH

Project: $par on Robinhood Chain

Metrics:
  • MC: $6.2M
  • Age: 0.0 months
  • Pools: 0
  • Holders: 4,200

Why it matches:
    • Chain age: 0.0 months
  • Market cap: $6.2M
  • Trading activity: 29,707 swaps

Risk factors:
    • High PSL: 15.8% of top 10


CA: 0x507b6f349a80114097a67b8b4677367acc15b220
  ✓ Alert sent to Discord
🏗️  INFRASTRUCTURE FLYWHEEL MATCH

Project: $SPCX on Robinhood Chain

Metrics:
  • MC: $8.8M
  • Age: 0.0 months
  • Pools: 0
  • Holders: 82,480

Why it matches:
    • Chain age: 0.0 months
  • Market cap: $8.8M
  • Trading activity: 243,769 swaps

Risk factors:
    • High PSL: 29.1% of top 10


CA: 0x4a0e65a3eccec6dbe60ae065f2e7bb85fae35eea
  ✓ Alert sent to Discord
🏗️  INFRASTRUCTURE FLYWHEEL MATCH

Project: $SPY on Robinhood Chain

Metrics:
  • MC: $17.5M
  • Age: 0.0 months
  • Pools: 0
  • Holders: 59,520

Why it matches:
    • Chain age: 0.0 months
  • Market cap: $17.5M
  • Trading activity: 181,317 swaps

Risk factors:
    • High PSL: 14.8% of top 10


CA: 0x117cc2133c37b721f49de2a7a74833232b3b4c0c
  ✓ Alert sent to Discord
🏗️  INFRASTRUCTURE FLYWHEEL MATCH

Project: $NVDA on Robinhood Chain

Metrics:
  • MC: $15.3M
  • Age: 0.0 months
  • Pools: 0
  • Holders: 109,816

Why it matches:
    • Chain age: 0.0 months
  • Market cap: $15.3M
  • Trading activity: 188,498 swaps

Risk factors:
    • High PSL: 23.4% of top 10


CA: 0xd0601ce157db5bdc3162bbac2a2c8af5320d9eec
  ✓ Alert sent to Discord
🏗️  INFRASTRUCTURE FLYWHEEL MATCH

Project: $microduck on Robinhood Chain

Metrics:
  • MC: $29.0M
  • Age: 0.3 months
  • Pools: 0
  • Holders: 19,424

Why it matches:
    • Chain age: 0.3 months
  • Market cap: $29.0M
  • Trading activity: 20,125 swaps

Risk factors:
    • High PSL: 17.0% of top 10


CA: 0xd5f1afea47b1a9eab414d2ee740cf1d6d039e725
  Discord message send failed: 429
🏗️  INFRASTRUCTURE FLYWHEEL MATCH

Project: $ROBINCAT on Robinhood Chain

Metrics:
  • MC: $12.5M
  • Age: 0.2 months
  • Pools: 0
  • Holders: 11,889

Why it matches:
    • Chain age: 0.2 months
  • Market cap: $12.5M
  • Trading activity: 20,048 swaps

Risk factors:
    • High PSL: 13.9% of top 10


CA: 0xded852de9fe9ba9b6f27f39e8e81cf851a5c79cc
  ✓ Alert sent to Discord
🏗️  INFRASTRUCTURE FLYWHEEL MATCH

Project: $FATCOIN on Robinhood Chain

Metrics:
  • MC: $27.7M
  • Age: 0.1 months
  • Pools: 0
  • Holders: 7,706

Why it matches:
    • Chain age: 0.1 months
  • Market cap: $27.7M
  • Trading activity: 17,221 swaps

Risk factors:
    • High PSL: 11.1% of top 10


CA: 0x12d5ee7917ca430073c3a638ee1e6f0648a98a01
  Discord message send failed: 429
🏗️  INFRASTRUCTURE FLYWHEEL MATCH

Project: $NUKE on Robinhood Chain

Metrics:
  • MC: $7.0M
  • Age: 0.0 months
  • Pools: 0
  • Holders: 1,156

Why it matches:
    • Chain age: 0.0 months
  • Market cap: $7.0M
  • Trading activity: 17,546 swaps

Risk factors:
    • High PSL: 84.1% of top 10
  • Concentration: Top 10 holds 84.1%


CA: 0x0000000005aca17e8bd5779fc87e13cb433aed24
  ✓ Alert sent to Discord
🏗️  INFRASTRUCTURE FLYWHEEL MATCH

Project: $NUDES on Robinhood Chain

Metrics:
  • MC: $19.2M
  • Age: 0.1 months
  • Pools: 0
  • Holders: 8,279

Why it matches:
    • Chain age: 0.1 months
  • Market cap: $19.2M
  • Trading activity: 16,029 swaps

Risk factors:
    • High PSL: 10.7% of top 10


CA: 0xbe98b75361935b18d688409424a869a4c3dc7401
  Discord message send failed: 429
🏗️  INFRASTRUCTURE FLYWHEEL MATCH

Project: $BONER on Robinhood Chain

Metrics:
  • MC: $36.1M
  • Age: 0.3 months
  • Pools: 0
  • Holders: 17,224

Why it matches:
    • Chain age: 0.3 months
  • Market cap: $36.1M
  • Trading activity: 15,447 swaps

Risk factors:
    • High PSL: 16.2% of top 10


CA: 0x98096d17e191b3da1d5f99a6d7b3584351b11e18
  Discord message send failed: 429
🏗️  INFRASTRUCTURE FLYWHEEL MATCH

Project: $GRASS on Robinhood Chain

Metrics:
  • MC: $7.7M
  • Age: 0.1 months
  • Pools: 0
  • Holders: 6,881

Why it matches:
    • Chain age: 0.1 months
  • Market cap: $7.7M
  • Trading activity: 16,174 swaps

Risk factors:
    • High PSL: 13.5% of top 10


CA: 0x16391c40e85fb2246a2c8c17bfa2594c5d3ef84b
  ✓ Alert sent to Discord
🏗️  INFRASTRUCTURE FLYWHEEL MATCH

Project: $PAIR on Robinhood Chain

Metrics:
  • MC: $18.4M
  • Age: 0.1 months
  • Pools: 0
  • Holders: 6,288

Why it matches:
    • Chain age: 0.1 months
  • Market cap: $18.4M
  • Trading activity: 13,929 swaps

Risk factors:
    • High PSL: 11.5% of top 10


CA: 0x6b1d42927b1a84ec28fa88d4fc6fa7af404966be
  Discord message send failed: 429
🏗️  INFRASTRUCTURE FLYWHEEL MATCH

Project: $UBIK on Robinhood Chain

Metrics:
  • MC: $15.8M
  • Age: 0.1 months
  • Pools: 0
  • Holders: 6,122

Why it matches:
    • Chain age: 0.1 months
  • Market cap: $15.8M
  • Trading activity: 11,515 swaps

Risk factors:
    • High PSL: 18.1% of top 10


CA: 0x812486eaea648819853f8e372dc9f1516c7868bd
  Discord message send failed: 429
🏗️  INFRASTRUCTURE FLYWHEEL MATCH

Project: $STONKBROKER on Robinhood Chain

Metrics:
  • MC: $38.3M
  • Age: 1.3 months
  • Pools: 0
  • Holders: 33,606

Why it matches:
    • Chain age: 1.3 months
  • Market cap: $38.3M
  • Trading activity: 9,289 swaps

Risk factors:
    • High PSL: 56.7% of top 10
  • Concentration: Top 10 holds 56.7%


CA: 0xe934e36a439c94017b64a3fece66af12099abf50
  ✓ Alert sent to Discord
🏗️  INFRASTRUCTURE FLYWHEEL MATCH

Project: $GLD on Robinhood Chain

Metrics:
  • MC: $6.3M
  • Age: 0.0 months
  • Pools: 0
  • Holders: 21,383

Why it matches:
    • Chain age: 0.0 months
  • Market cap: $6.3M
  • Trading activity: 51,156 swaps

Risk factors:
    • High PSL: 13.7% of top 10


CA: 0xc9a981fee1f9dec688bb123ccdecc63d0debfc4e
  Discord message send failed: 429
🏗️  INFRASTRUCTURE FLYWHEEL MATCH

Project: $PROLOGUE on Robinhood Chain

Metrics:
  • MC: $9.8M
  • Age: 0.6 months
  • Pools: 0
  • Holders: 7,689

Why it matches:
    • Chain age: 0.6 months
  • Market cap: $9.8M
  • Trading activity: 9,962 swaps

Risk factors:
    • High PSL: 18.6% of top 10


CA: 0xb9972ca7188e511174947e3936a5315ac7073277
  ✓ Alert sent to Discord
🏗️  INFRASTRUCTURE FLYWHEEL MATCH

Project: $GG on Robinhood Chain

Metrics:
  • MC: $6.7M
  • Age: 0.3 months
  • Pools: 0
  • Holders: 6,427

Why it matches:
    • Chain age: 0.3 months
  • Market cap: $6.7M
  • Trading activity: 7,276 swaps

Risk factors:
    • High PSL: 16.6% of top 10


CA: 0xcacb0e9caccee63ec4d82952e561a291c68bcb68
  Discord message send failed: 429
🏗️  INFRASTRUCTURE FLYWHEEL MATCH

Project: $FRONG on Robinhood Chain

Metrics:
  • MC: $7.8M
  • Age: 1.2 months
  • Pools: 0
  • Holders: 14,811

Why it matches:
    • Chain age: 1.2 months
  • Market cap: $7.8M
  • Trading activity: 5,136 swaps

Risk factors:
    • High PSL: 15.4% of top 10


CA: 0x6245e67affa44a23077f0ea7f981a8dc743a0c47
  ✓ Alert sent to Discord
🏗️  INFRASTRUCTURE FLYWHEEL MATCH

Project: $AAPL on Robinhood Chain

Metrics:
  • MC: $5.7M
  • Age: 0.0 months
  • Pools: 0
  • Holders: 64,154

Why it matches:
    • Chain age: 0.0 months
  • Market cap: $5.7M
  • Trading activity: 24,840 swaps

Risk factors:
    • High PSL: 36.6% of top 10


CA: 0xaf3d76f1834a1d425780943c99ea8a608f8a93f9
  Discord message send failed: 429
🏗️  INFRASTRUCTURE FLYWHEEL MATCH

Project: $MOO on Robinhood Chain

Metrics:
  • MC: $27.0M
  • Age: 1.5 months
  • Pools: 0
  • Holders: 6,223

Why it matches:
    • Chain age: 1.5 months
  • Market cap: $27.0M
  • Trading activity: 11,517 swaps

Risk factors:
    • High PSL: 14.7% of top 10


CA: 0xd9db30bb0d2b8d2eae3826a1372117e058791e18
  ✓ Alert sent to Discord
🏗️  INFRASTRUCTURE FLYWHEEL MATCH

Project: $BUN on Robinhood Chain

Metrics:
  • MC: $23.2M
  • Age: 0.1 months
  • Pools: 0
  • Holders: 1,683

Why it matches:
    • Chain age: 0.1 months
  • Market cap: $23.2M
  • Trading activity: 3,617 swaps

Risk factors:
    • High PSL: 74.4% of top 10
  • Concentration: Top 10 holds 74.4%


CA: 0x07ebb29a38fbcb41563817e5e19f2cec619c90d2
  Discord message send failed: 429
🏗️  INFRASTRUCTURE FLYWHEEL MATCH

Project: $RAM on Robinhood Chain

Metrics:
  • MC: $6.2M
  • Age: 0.7 months
  • Pools: 0
  • Holders: 9,693

Why it matches:
    • Chain age: 0.7 months
  • Market cap: $6.2M
  • Trading activity: 4,905 swaps

Risk factors:
    • High PSL: 13.8% of top 10


CA: 0x5173d45a1191ee33cbb7d8c7e65f21b04ed54802
  ✓ Alert sent to Discord
🏗️  INFRASTRUCTURE FLYWHEEL MATCH

Project: $DELTA on Robinhood Chain

Metrics:
  • MC: $13.6M
  • Age: 1.2 months
  • Pools: 0
  • Holders: 15,324

Why it matches:
    • Chain age: 1.2 months
  • Market cap: $13.6M
  • Trading activity: 7,895 swaps

Risk factors:
    • High PSL: 27.2% of top 10


CA: 0xe8ffd7e24187f72afb08d75b1bb13088a989a791
  ✓ Alert sent to Discord
🏗️  INFRASTRUCTURE FLYWHEEL MATCH

Project: $AMC on Robinhood Chain

Metrics:
  • MC: $7.5M
  • Age: 0.0 months
  • Pools: 0
  • Holders: 8,031

Why it matches:
    • Chain age: 0.0 months
  • Market cap: $7.5M
  • Trading activity: 18,167 swaps

Risk factors:
    • High PSL: 29.6% of top 10


CA: 0x05a3d1cd21d0c88145e82600e62e7e496e0f222b
  ✓ Alert sent to Discord
🏗️  INFRASTRUCTURE FLYWHEEL MATCH

Project: $ROBIN on Robinhood Chain

Metrics:
  • MC: $5.9M
  • Age: 0.0 months
  • Pools: 0
  • Holders: 4,191

Why it matches:
    • Chain age: 0.0 months
  • Market cap: $5.9M
  • Trading activity: 11,214 swaps



CA: 0x11b70d0243baf75e85ce03201a92b5b7c33beb59
  ✓ Alert sent to Discord
🏗️  INFRASTRUCTURE FLYWHEEL MATCH

Project: $DTF on Robinhood Chain

Metrics:
  • MC: $5.9M
  • Age: 0.4 months
  • Pools: 0
  • Holders: 8,383

Why it matches:
    • Chain age: 0.4 months
  • Market cap: $5.9M
  • Trading activity: 3,106 swaps

Risk factors:
    • High PSL: 37.9% of top 10


CA: 0xee5576fa1bcaa380e591d01245f406f3f384eb01
  ✓ Alert sent to Discord

Scan complete in 22.2s - Found 30 matches

[2026-09-05T22:08:32.871Z] Running scan...

Found 100 coins to evaluate

🏗️  INFRASTRUCTURE FLYWHEEL MATCH

Project: $ZZZ on Robinhood Chain

Metrics:
  • MC: $12.8M
  • Age: 0.0 months
  • Pools: 0
  • Holders: 7,821

Why it matches:
    • Chain age: 0.0 months
  • Market cap: $12.8M
  • Trading activity: 92,872 swaps

Risk factors:
    • High PSL: 18.1% of top 10


CA: 0x7dbf38976f6d3b9c529e7d9484a71898b409ee6a
  ✓ Alert sent to Discord
🏗️  INFRASTRUCTURE FLYWHEEL MATCH

Project: $MEME on Robinhood Chain

Metrics:
  • MC: $51.6M
  • Age: 0.1 months
  • Pools: 0
  • Holders: 26,029

Why it matches:
    • Chain age: 0.1 months
  • Market cap: $51.6M
  • Trading activity: 78,196 swaps

Risk factors:
    • High PSL: 10.1% of top 10


CA: 0x385f4f8ae47651ce5f58f5265395a669f8281e18
  ✓ Alert sent to Discord
🏗️  INFRASTRUCTURE FLYWHEEL MATCH

Project: $SHROOM on Robinhood Chain

Metrics:
  • MC: $46.2M
  • Age: 0.1 months
  • Pools: 0
  • Holders: 8,529

Why it matches:
    • Chain age: 0.1 months
  • Market cap: $46.2M
  • Trading activity: 68,630 swaps

Risk factors:
    • High PSL: 21.5% of top 10


CA: 0xab093def657f15df31b33922a95e047add645b29
  ✓ Alert sent to Discord
🏗️  INFRASTRUCTURE FLYWHEEL MATCH

Project: $Ponsan on Robinhood Chain

Metrics:
  • MC: $5.5M
  • Age: 0.0 months
  • Pools: 0
  • Holders: 9,154

Why it matches:
    • Chain age: 0.0 months
  • Market cap: $5.5M
  • Trading activity: 69,083 swaps

Risk factors:
    • High PSL: 11.2% of top 10


CA: 0x97216593d3b2769da6f0adeee6fb8e36da4e319f
  ✓ Alert sent to Discord
🏗️  INFRASTRUCTURE FLYWHEEL MATCH

Project: $par on Robinhood Chain

Metrics:
  • MC: $6.0M
  • Age: 0.0 months
  • Pools: 0
  • Holders: 4,202

Why it matches:
    • Chain age: 0.0 months
  • Market cap: $6.0M
  • Trading activity: 26,274 swaps

Risk factors:
    • High PSL: 15.8% of top 10


CA: 0x507b6f349a80114097a67b8b4677367acc15b220
  ✓ Alert sent to Discord
🏗️  INFRASTRUCTURE FLYWHEEL MATCH

Project: $SPCX on Robinhood Chain

Metrics:
  • MC: $8.8M
  • Age: 0.0 months
  • Pools: 0
  • Holders: 82,516

Why it matches:
    • Chain age: 0.0 months
  • Market cap: $8.8M
  • Trading activity: 241,179 swaps

Risk factors:
    • High PSL: 29.0% of top 10


CA: 0x4a0e65a3eccec6dbe60ae065f2e7bb85fae35eea
  ✓ Alert sent to Discord
🏗️  INFRASTRUCTURE FLYWHEEL MATCH

Project: $SPY on Robinhood Chain

Metrics:
  • MC: $17.5M
  • Age: 0.0 months
  • Pools: 0
  • Holders: 59,629

Why it matches:
    • Chain age: 0.0 months
  • Market cap: $17.5M
  • Trading activity: 181,066 swaps

Risk factors:
    • High PSL: 14.8% of top 10


CA: 0x117cc2133c37b721f49de2a7a74833232b3b4c0c
  ✓ Alert sent to Discord
🏗️  INFRASTRUCTURE FLYWHEEL MATCH

Project: $NVDA on Robinhood Chain

Metrics:
  • MC: $15.2M
  • Age: 0.0 months
  • Pools: 0
  • Holders: 109,845

Why it matches:
    • Chain age: 0.0 months
  • Market cap: $15.2M
  • Trading activity: 179,649 swaps

Risk factors:
    • High PSL: 23.4% of top 10


CA: 0xd0601ce157db5bdc3162bbac2a2c8af5320d9eec
  ✓ Alert sent to Discord
🏗️  INFRASTRUCTURE FLYWHEEL MATCH

Project: $microduck on Robinhood Chain

Metrics:
  • MC: $28.6M
  • Age: 0.3 months
  • Pools: 0
  • Holders: 19,444

Why it matches:
    • Chain age: 0.3 months
  • Market cap: $28.6M
  • Trading activity: 20,026 swaps

Risk factors:
    • High PSL: 17.0% of top 10


CA: 0xd5f1afea47b1a9eab414d2ee740cf1d6d039e725
  ✓ Alert sent to Discord
🏗️  INFRASTRUCTURE FLYWHEEL MATCH

Project: $NUKE on Robinhood Chain

Metrics:
  • MC: $16.0M
  • Age: 0.0 months
  • Pools: 0
  • Holders: 1,729

Why it matches:
    • Chain age: 0.0 months
  • Market cap: $16.0M
  • Trading activity: 19,063 swaps

Risk factors:
    • High PSL: 84.7% of top 10
  • Concentration: Top 10 holds 84.7%


CA: 0x0000000005aca17e8bd5779fc87e13cb433aed24
  ✓ Alert sent to Discord
🏗️  INFRASTRUCTURE FLYWHEEL MATCH

Project: $ROBINCAT on Robinhood Chain

Metrics:
  • MC: $11.6M
  • Age: 0.2 months
  • Pools: 0
  • Holders: 11,880

Why it matches:
    • Chain age: 0.2 months
  • Market cap: $11.6M
  • Trading activity: 20,026 swaps

Risk factors:
    • High PSL: 13.9% of top 10


CA: 0xded852de9fe9ba9b6f27f39e8e81cf851a5c79cc
  Discord message send failed: 429
🏗️  INFRASTRUCTURE FLYWHEEL MATCH

Project: $FATCOIN on Robinhood Chain

Metrics:
  • MC: $27.1M
  • Age: 0.1 months
  • Pools: 0
  • Holders: 7,874

Why it matches:
    • Chain age: 0.1 months
  • Market cap: $27.1M
  • Trading activity: 16,815 swaps

Risk factors:
    • High PSL: 11.1% of top 10


CA: 0x12d5ee7917ca430073c3a638ee1e6f0648a98a01
  ✓ Alert sent to Discord
🏗️  INFRASTRUCTURE FLYWHEEL MATCH

Project: $NUDES on Robinhood Chain

Metrics:
  • MC: $20.6M
  • Age: 0.1 months
  • Pools: 0
  • Holders: 8,293

Why it matches:
    • Chain age: 0.1 months
  • Market cap: $20.6M
  • Trading activity: 16,022 swaps

Risk factors:
    • High PSL: 10.7% of top 10


CA: 0xbe98b75361935b18d688409424a869a4c3dc7401
  Discord message send failed: 429
🏗️  INFRASTRUCTURE FLYWHEEL MATCH

Project: $BONER on Robinhood Chain

Metrics:
  • MC: $36.2M
  • Age: 0.3 months
  • Pools: 0
  • Holders: 17,222

Why it matches:
    • Chain age: 0.3 months
  • Market cap: $36.2M
  • Trading activity: 15,265 swaps

Risk factors:
    • High PSL: 16.2% of top 10


CA: 0x98096d17e191b3da1d5f99a6d7b3584351b11e18
  Discord message send failed: 429
🏗️  INFRASTRUCTURE FLYWHEEL MATCH

Project: $GRASS on Robinhood Chain

Metrics:
  • MC: $7.7M
  • Age: 0.1 months
  • Pools: 0
  • Holders: 6,868

Why it matches:
    • Chain age: 0.1 months
  • Market cap: $7.7M
  • Trading activity: 15,989 swaps

Risk factors:
    • High PSL: 13.5% of top 10


CA: 0x16391c40e85fb2246a2c8c17bfa2594c5d3ef84b
  ✓ Alert sent to Discord
🏗️  INFRASTRUCTURE FLYWHEEL MATCH

Project: $PAIR on Robinhood Chain

Metrics:
  • MC: $17.6M
  • Age: 0.1 months
  • Pools: 0
  • Holders: 6,291

Why it matches:
    • Chain age: 0.1 months
  • Market cap: $17.6M
  • Trading activity: 13,995 swaps

Risk factors:
    • High PSL: 11.5% of top 10


CA: 0x6b1d42927b1a84ec28fa88d4fc6fa7af404966be
  Discord message send failed: 429
🏗️  INFRASTRUCTURE FLYWHEEL MATCH

Project: $UBIK on Robinhood Chain

Metrics:
  • MC: $15.7M
  • Age: 0.1 months
  • Pools: 0
  • Holders: 6,116

Why it matches:
    • Chain age: 0.1 months
  • Market cap: $15.7M
  • Trading activity: 11,520 swaps

Risk factors:
    • High PSL: 18.1% of top 10


CA: 0x812486eaea648819853f8e372dc9f1516c7868bd
  ✓ Alert sent to Discord
🏗️  INFRASTRUCTURE FLYWHEEL MATCH

Project: $STONKBROKER on Robinhood Chain

Metrics:
  • MC: $38.3M
  • Age: 1.3 months
  • Pools: 0
  • Holders: 33,600

Why it matches:
    • Chain age: 1.3 months
  • Market cap: $38.3M
  • Trading activity: 9,292 swaps

Risk factors:
    • High PSL: 56.7% of top 10
  • Concentration: Top 10 holds 56.7%


CA: 0xe934e36a439c94017b64a3fece66af12099abf50
  Discord message send failed: 429
🏗️  INFRASTRUCTURE FLYWHEEL MATCH

Project: $GLD on Robinhood Chain

Metrics:
  • MC: $6.4M
  • Age: 0.0 months
  • Pools: 0
  • Holders: 21,411

Why it matches:
    • Chain age: 0.0 months
  • Market cap: $6.4M
  • Trading activity: 52,039 swaps

Risk factors:
    • High PSL: 13.7% of top 10


CA: 0xc9a981fee1f9dec688bb123ccdecc63d0debfc4e
  ✓ Alert sent to Discord
🏗️  INFRASTRUCTURE FLYWHEEL MATCH

Project: $PROLOGUE on Robinhood Chain

Metrics:
  • MC: $9.8M
  • Age: 0.6 months
  • Pools: 0
  • Holders: 7,682

Why it matches:
    • Chain age: 0.6 months
  • Market cap: $9.8M
  • Trading activity: 9,941 swaps

Risk factors:
    • High PSL: 18.6% of top 10


CA: 0xb9972ca7188e511174947e3936a5315ac7073277
  Discord message send failed: 429
🏗️  INFRASTRUCTURE FLYWHEEL MATCH

Project: $GG on Robinhood Chain

Metrics:
  • MC: $6.6M
  • Age: 0.3 months
  • Pools: 0
  • Holders: 6,426

Why it matches:
    • Chain age: 0.3 months
  • Market cap: $6.6M
  • Trading activity: 7,250 swaps

Risk factors:
    • High PSL: 16.6% of top 10


CA: 0xcacb0e9caccee63ec4d82952e561a291c68bcb68
  Discord message send failed: 429
🏗️  INFRASTRUCTURE FLYWHEEL MATCH

Project: $FRONG on Robinhood Chain

Metrics:
  • MC: $7.8M
  • Age: 1.2 months
  • Pools: 0
  • Holders: 14,808

Why it matches:
    • Chain age: 1.2 months
  • Market cap: $7.8M
  • Trading activity: 5,050 swaps

Risk factors:
    • High PSL: 15.4% of top 10


CA: 0x6245e67affa44a23077f0ea7f981a8dc743a0c47
  ✓ Alert sent to Discord
🏗️  INFRASTRUCTURE FLYWHEEL MATCH

Project: $AAPL on Robinhood Chain

Metrics:
  • MC: $5.7M
  • Age: 0.0 months
  • Pools: 0
  • Holders: 64,162

Why it matches:
    • Chain age: 0.0 months
  • Market cap: $5.7M
  • Trading activity: 25,534 swaps

Risk factors:
    • High PSL: 36.7% of top 10


CA: 0xaf3d76f1834a1d425780943c99ea8a608f8a93f9
  ✓ Alert sent to Discord
🏗️  INFRASTRUCTURE FLYWHEEL MATCH

Project: $BUN on Robinhood Chain

Metrics:
  • MC: $21.8M
  • Age: 0.1 months
  • Pools: 0
  • Holders: 1,680

Why it matches:
    • Chain age: 0.1 months
  • Market cap: $21.8M
  • Trading activity: 3,640 swaps

Risk factors:
    • High PSL: 74.4% of top 10
  • Concentration: Top 10 holds 74.4%


CA: 0x07ebb29a38fbcb41563817e5e19f2cec619c90d2
  Discord message send failed: 429
🏗️  INFRASTRUCTURE FLYWHEEL MATCH

Project: $MOO on Robinhood Chain

Metrics:
  • MC: $27.0M
  • Age: 1.5 months
  • Pools: 0
  • Holders: 6,403

Why it matches:
    • Chain age: 1.5 months
  • Market cap: $27.0M
  • Trading activity: 11,499 swaps

Risk factors:
    • High PSL: 14.7% of top 10


CA: 0xd9db30bb0d2b8d2eae3826a1372117e058791e18
  Discord message send failed: 429
🏗️  INFRASTRUCTURE FLYWHEEL MATCH

Project: $RAM on Robinhood Chain

Metrics:
  • MC: $6.0M
  • Age: 0.7 months
  • Pools: 0
  • Holders: 9,703

Why it matches:
    • Chain age: 0.7 months
  • Market cap: $6.0M
  • Trading activity: 4,898 swaps

Risk factors:
    • High PSL: 13.7% of top 10


CA: 0x5173d45a1191ee33cbb7d8c7e65f21b04ed54802
  ✓ Alert sent to Discord
🏗️  INFRASTRUCTURE FLYWHEEL MATCH

Project: $AMC on Robinhood Chain

Metrics:
  • MC: $7.5M
  • Age: 0.0 months
  • Pools: 0
  • Holders: 8,049

Why it matches:
    • Chain age: 0.0 months
  • Market cap: $7.5M
  • Trading activity: 17,624 swaps

Risk factors:
    • High PSL: 29.6% of top 10


CA: 0x05a3d1cd21d0c88145e82600e62e7e496e0f222b
  Discord message send failed: 429
🏗️  INFRASTRUCTURE FLYWHEEL MATCH

Project: $DELTA on Robinhood Chain

Metrics:
  • MC: $13.4M
  • Age: 1.2 months
  • Pools: 0
  • Holders: 15,350

Why it matches:
    • Chain age: 1.2 months
  • Market cap: $13.4M
  • Trading activity: 7,363 swaps

Risk factors:
    • High PSL: 27.2% of top 10


CA: 0xe8ffd7e24187f72afb08d75b1bb13088a989a791
  Discord message send failed: 429
🏗️  INFRASTRUCTURE FLYWHEEL MATCH

Project: $ROBIN on Robinhood Chain

Metrics:
  • MC: $5.0M
  • Age: 0.0 months
  • Pools: 0
  • Holders: 4,246

Why it matches:
    • Chain age: 0.0 months
  • Market cap: $5.0M
  • Trading activity: 11,862 swaps



CA: 0x11b70d0243baf75e85ce03201a92b5b7c33beb59
  ✓ Alert sent to Discord
🏗️  INFRASTRUCTURE FLYWHEEL MATCH

Project: $DTF on Robinhood Chain

Metrics:
  • MC: $5.7M
  • Age: 0.4 months
  • Pools: 0
  • Holders: 8,377

Why it matches:
    • Chain age: 0.4 months
  • Market cap: $5.7M
  • Trading activity: 3,117 swaps

Risk factors:
    • High PSL: 37.9% of top 10


CA: 0xee5576fa1bcaa380e591d01245f406f3f384eb01
  Discord message send failed: 429
🏗️  INFRASTRUCTURE FLYWHEEL MATCH

Project: $HOOKR on Robinhood Chain

Metrics:
  • MC: $23.3M
  • Age: 1.0 months
  • Pools: 0
  • Holders: 6,671

Why it matches:
    • Chain age: 1.0 months
  • Market cap: $23.3M
  • Trading activity: 7,658 swaps

Risk factors:
    • High PSL: 15.3% of top 10


CA: 0x18e674231a58c239dc7daedcffe15ec3a24cff5c
  ✓ Alert sent to Discord

Scan complete in 20.7s - Found 31 matches

[2026-09-05T22:18:53.561Z] Running scan...

Found 100 coins to evaluate

🏗️  INFRASTRUCTURE FLYWHEEL MATCH

Project: $ZZZ on Robinhood Chain

Metrics:
  • MC: $13.0M
  • Age: 0.0 months
  • Pools: 0
  • Holders: 7,797

Why it matches:
    • Chain age: 0.0 months
  • Market cap: $13.0M
  • Trading activity: 92,977 swaps

Risk factors:
    • High PSL: 18.1% of top 10


CA: 0x7dbf38976f6d3b9c529e7d9484a71898b409ee6a
  ✓ Alert sent to Discord
🏗️  INFRASTRUCTURE FLYWHEEL MATCH

Project: $MEME on Robinhood Chain

Metrics:
  • MC: $50.1M
  • Age: 0.1 months
  • Pools: 0
  • Holders: 26,132

Why it matches:
    • Chain age: 0.1 months
  • Market cap: $50.1M
  • Trading activity: 78,609 swaps

Risk factors:
    • High PSL: 10.3% of top 10


CA: 0x385f4f8ae47651ce5f58f5265395a669f8281e18
  ✓ Alert sent to Discord
🏗️  INFRASTRUCTURE FLYWHEEL MATCH

Project: $SHROOM on Robinhood Chain

Metrics:
  • MC: $45.4M
  • Age: 0.1 months
  • Pools: 0
  • Holders: 9,232

Why it matches:
    • Chain age: 0.1 months
  • Market cap: $45.4M
  • Trading activity: 68,289 swaps

Risk factors:
    • High PSL: 21.5% of top 10


CA: 0xab093def657f15df31b33922a95e047add645b29
  ✓ Alert sent to Discord
🏗️  INFRASTRUCTURE FLYWHEEL MATCH

Project: $Ponsan on Robinhood Chain

Metrics:
  • MC: $5.1M
  • Age: 0.0 months
  • Pools: 0
  • Holders: 9,084

Why it matches:
    • Chain age: 0.0 months
  • Market cap: $5.1M
  • Trading activity: 69,451 swaps

Risk factors:
    • High PSL: 11.2% of top 10


CA: 0x97216593d3b2769da6f0adeee6fb8e36da4e319f
  ✓ Alert sent to Discord
🏗️  INFRASTRUCTURE FLYWHEEL MATCH

Project: $par on Robinhood Chain

Metrics:
  • MC: $6.3M
  • Age: 0.0 months
  • Pools: 0
  • Holders: 4,204

Why it matches:
    • Chain age: 0.0 months
  • Market cap: $6.3M
  • Trading activity: 25,046 swaps

Risk factors:
    • High PSL: 15.8% of top 10


CA: 0x507b6f349a80114097a67b8b4677367acc15b220
  ✓ Alert sent to Discord
🏗️  INFRASTRUCTURE FLYWHEEL MATCH

Project: $SPY on Robinhood Chain

Metrics:
  • MC: $17.5M
  • Age: 0.0 months
  • Pools: 0
  • Holders: 59,584

Why it matches:
    • Chain age: 0.0 months
  • Market cap: $17.5M
  • Trading activity: 180,916 swaps

Risk factors:
    • High PSL: 14.7% of top 10


CA: 0x117cc2133c37b721f49de2a7a74833232b3b4c0c
  ✓ Alert sent to Discord
🏗️  INFRASTRUCTURE FLYWHEEL MATCH

Project: $SPCX on Robinhood Chain

Metrics:
  • MC: $8.8M
  • Age: 0.0 months
  • Pools: 0
  • Holders: 82,505

Why it matches:
    • Chain age: 0.0 months
  • Market cap: $8.8M
  • Trading activity: 240,052 swaps

Risk factors:
    • High PSL: 28.9% of top 10


CA: 0x4a0e65a3eccec6dbe60ae065f2e7bb85fae35eea
  ✓ Alert sent to Discord
🏗️  INFRASTRUCTURE FLYWHEEL MATCH

Project: $NVDA on Robinhood Chain

Metrics:
  • MC: $15.2M
  • Age: 0.0 months
  • Pools: 0
  • Holders: 109,842

Why it matches:
    • Chain age: 0.0 months
  • Market cap: $15.2M
  • Trading activity: 176,280 swaps

Risk factors:
    • High PSL: 23.7% of top 10


CA: 0xd0601ce157db5bdc3162bbac2a2c8af5320d9eec
  ✓ Alert sent to Discord
🏗️  INFRASTRUCTURE FLYWHEEL MATCH

Project: $NUKE on Robinhood Chain

Metrics:
  • MC: $9.7M
  • Age: 0.0 months
  • Pools: 0
  • Holders: 1,495

Why it matches:
    • Chain age: 0.0 months
  • Market cap: $9.7M
  • Trading activity: 19,867 swaps

Risk factors:
    • High PSL: 85.6% of top 10
  • Concentration: Top 10 holds 85.6%


CA: 0x0000000005aca17e8bd5779fc87e13cb433aed24
  ✓ Alert sent to Discord
🏗️  INFRASTRUCTURE FLYWHEEL MATCH

Project: $microduck on Robinhood Chain

Metrics:
  • MC: $29.0M
  • Age: 0.3 months
  • Pools: 0
  • Holders: 19,529

Why it matches:
    • Chain age: 0.3 months
  • Market cap: $29.0M
  • Trading activity: 20,002 swaps

Risk factors:
    • High PSL: 17.0% of top 10


CA: 0xd5f1afea47b1a9eab414d2ee740cf1d6d039e725
  Discord message send failed: 429
🏗️  INFRASTRUCTURE FLYWHEEL MATCH

Project: $ROBINCAT on Robinhood Chain

Metrics:
  • MC: $11.6M
  • Age: 0.2 months
  • Pools: 0
  • Holders: 11,885

Why it matches:
    • Chain age: 0.2 months
  • Market cap: $11.6M
  • Trading activity: 19,962 swaps

Risk factors:
    • High PSL: 13.9% of top 10


CA: 0xded852de9fe9ba9b6f27f39e8e81cf851a5c79cc
  ✓ Alert sent to Discord
🏗️  INFRASTRUCTURE FLYWHEEL MATCH

Project: $FATCOIN on Robinhood Chain

Metrics:
  • MC: $27.3M
  • Age: 0.1 months
  • Pools: 0
  • Holders: 8,571

Why it matches:
    • Chain age: 0.1 months
  • Market cap: $27.3M
  • Trading activity: 16,570 swaps

Risk factors:
    • High PSL: 11.1% of top 10


CA: 0x12d5ee7917ca430073c3a638ee1e6f0648a98a01
  Discord message send failed: 429
🏗️  INFRASTRUCTURE FLYWHEEL MATCH

Project: $NUDES on Robinhood Chain

Metrics:
  • MC: $20.6M
  • Age: 0.1 months
  • Pools: 0
  • Holders: 8,298

Why it matches:
    • Chain age: 0.1 months
  • Market cap: $20.6M
  • Trading activity: 15,963 swaps

Risk factors:
    • High PSL: 10.7% of top 10


CA: 0xbe98b75361935b18d688409424a869a4c3dc7401
  Discord message send failed: 429
🏗️  INFRASTRUCTURE FLYWHEEL MATCH

Project: $BONER on Robinhood Chain

Metrics:
  • MC: $36.3M
  • Age: 0.3 months
  • Pools: 0
  • Holders: 17,246

Why it matches:
    • Chain age: 0.3 months
  • Market cap: $36.3M
  • Trading activity: 15,153 swaps

Risk factors:
    • High PSL: 16.2% of top 10


CA: 0x98096d17e191b3da1d5f99a6d7b3584351b11e18
  ✓ Alert sent to Discord
🏗️  INFRASTRUCTURE FLYWHEEL MATCH

Project: $GRASS on Robinhood Chain

Metrics:
  • MC: $7.5M
  • Age: 0.1 months
  • Pools: 0
  • Holders: 6,905

Why it matches:
    • Chain age: 0.1 months
  • Market cap: $7.5M
  • Trading activity: 15,931 swaps

Risk factors:
    • High PSL: 13.5% of top 10


CA: 0x16391c40e85fb2246a2c8c17bfa2594c5d3ef84b
  Discord message send failed: 429
🏗️  INFRASTRUCTURE FLYWHEEL MATCH

Project: $PAIR on Robinhood Chain

Metrics:
  • MC: $17.4M
  • Age: 0.1 months
  • Pools: 0
  • Holders: 6,296

Why it matches:
    • Chain age: 0.1 months
  • Market cap: $17.4M
  • Trading activity: 14,022 swaps

Risk factors:
    • High PSL: 11.5% of top 10


CA: 0x6b1d42927b1a84ec28fa88d4fc6fa7af404966be
  ✓ Alert sent to Discord
🏗️  INFRASTRUCTURE FLYWHEEL MATCH

Project: $UBIK on Robinhood Chain

Metrics:
  • MC: $15.5M
  • Age: 0.1 months
  • Pools: 0
  • Holders: 6,121

Why it matches:
    • Chain age: 0.1 months
  • Market cap: $15.5M
  • Trading activity: 11,514 swaps

Risk factors:
    • High PSL: 18.1% of top 10


CA: 0x812486eaea648819853f8e372dc9f1516c7868bd
  Discord message send failed: 429
🏗️  INFRASTRUCTURE FLYWHEEL MATCH

Project: $STONKBROKER on Robinhood Chain

Metrics:
  • MC: $38.0M
  • Age: 1.3 months
  • Pools: 0
  • Holders: 33,595

Why it matches:
    • Chain age: 1.3 months
  • Market cap: $38.0M
  • Trading activity: 9,306 swaps

Risk factors:
    • High PSL: 56.7% of top 10
  • Concentration: Top 10 holds 56.7%


CA: 0xe934e36a439c94017b64a3fece66af12099abf50
  Discord message send failed: 429
🏗️  INFRASTRUCTURE FLYWHEEL MATCH

Project: $GLD on Robinhood Chain

Metrics:
  • MC: $6.4M
  • Age: 0.0 months
  • Pools: 0
  • Holders: 21,387

Why it matches:
    • Chain age: 0.0 months
  • Market cap: $6.4M
  • Trading activity: 53,365 swaps

Risk factors:
    • High PSL: 14.0% of top 10


CA: 0xc9a981fee1f9dec688bb123ccdecc63d0debfc4e
  ✓ Alert sent to Discord
🏗️  INFRASTRUCTURE FLYWHEEL MATCH

Project: $PROLOGUE on Robinhood Chain

Metrics:
  • MC: $9.9M
  • Age: 0.6 months
  • Pools: 0
  • Holders: 7,681

Why it matches:
    • Chain age: 0.6 months
  • Market cap: $9.9M
  • Trading activity: 9,903 swaps

Risk factors:
    • High PSL: 18.6% of top 10


CA: 0xb9972ca7188e511174947e3936a5315ac7073277
  Discord message send failed: 429
🏗️  INFRASTRUCTURE FLYWHEEL MATCH

Project: $GG on Robinhood Chain

Metrics:
  • MC: $6.5M
  • Age: 0.3 months
  • Pools: 0
  • Holders: 6,427

Why it matches:
    • Chain age: 0.3 months
  • Market cap: $6.5M
  • Trading activity: 7,100 swaps

Risk factors:
    • High PSL: 16.6% of top 10


CA: 0xcacb0e9caccee63ec4d82952e561a291c68bcb68
  ✓ Alert sent to Discord
🏗️  INFRASTRUCTURE FLYWHEEL MATCH

Project: $FRONG on Robinhood Chain

Metrics:
  • MC: $7.7M
  • Age: 1.2 months
  • Pools: 0
  • Holders: 14,805

Why it matches:
    • Chain age: 1.2 months
  • Market cap: $7.7M
  • Trading activity: 5,014 swaps

Risk factors:
    • High PSL: 15.4% of top 10


CA: 0x6245e67affa44a23077f0ea7f981a8dc743a0c47
  Discord message send failed: 429
🏗️  INFRASTRUCTURE FLYWHEEL MATCH

Project: $BUN on Robinhood Chain

Metrics:
  • MC: $21.0M
  • Age: 0.1 months
  • Pools: 0
  • Holders: 1,682

Why it matches:
    • Chain age: 0.1 months
  • Market cap: $21.0M
  • Trading activity: 3,644 swaps

Risk factors:
    • High PSL: 74.4% of top 10
  • Concentration: Top 10 holds 74.4%


CA: 0x07ebb29a38fbcb41563817e5e19f2cec619c90d2
  ✓ Alert sent to Discord
🏗️  INFRASTRUCTURE FLYWHEEL MATCH

Project: $MOO on Robinhood Chain

Metrics:
  • MC: $27.0M
  • Age: 1.5 months
  • Pools: 0
  • Holders: 7,085

Why it matches:
    • Chain age: 1.5 months
  • Market cap: $27.0M
  • Trading activity: 11,466 swaps

Risk factors:
    • High PSL: 14.7% of top 10


CA: 0xd9db30bb0d2b8d2eae3826a1372117e058791e18
  Discord message send failed: 429
🏗️  INFRASTRUCTURE FLYWHEEL MATCH

Project: $RAM on Robinhood Chain

Metrics:
  • MC: $6.0M
  • Age: 0.7 months
  • Pools: 0
  • Holders: 9,706

Why it matches:
    • Chain age: 0.7 months
  • Market cap: $6.0M
  • Trading activity: 4,874 swaps

Risk factors:
    • High PSL: 13.7% of top 10


CA: 0x5173d45a1191ee33cbb7d8c7e65f21b04ed54802
  Discord message send failed: 429
🏗️  INFRASTRUCTURE FLYWHEEL MATCH

Project: $ROBIN on Robinhood Chain

Metrics:
  • MC: $7.0M
  • Age: 0.0 months
  • Pools: 0
  • Holders: 4,488

Why it matches:
    • Chain age: 0.0 months
  • Market cap: $7.0M
  • Trading activity: 12,447 swaps



CA: 0x11b70d0243baf75e85ce03201a92b5b7c33beb59
  ✓ Alert sent to Discord
🏗️  INFRASTRUCTURE FLYWHEEL MATCH

Project: $AMC on Robinhood Chain

Metrics:
  • MC: $7.5M
  • Age: 0.0 months
  • Pools: 0
  • Holders: 8,053

Why it matches:
    • Chain age: 0.0 months
  • Market cap: $7.5M
  • Trading activity: 17,310 swaps

Risk factors:
    • High PSL: 29.6% of top 10


CA: 0x05a3d1cd21d0c88145e82600e62e7e496e0f222b
  Discord message send failed: 429
🏗️  INFRASTRUCTURE FLYWHEEL MATCH

Project: $DELTA on Robinhood Chain

Metrics:
  • MC: $13.3M
  • Age: 1.2 months
  • Pools: 0
  • Holders: 15,442

Why it matches:
    • Chain age: 1.2 months
  • Market cap: $13.3M
  • Trading activity: 7,226 swaps

Risk factors:
    • High PSL: 27.2% of top 10


CA: 0xe8ffd7e24187f72afb08d75b1bb13088a989a791
  ✓ Alert sent to Discord
🏗️  INFRASTRUCTURE FLYWHEEL MATCH

Project: $DTF on Robinhood Chain

Metrics:
  • MC: $5.6M
  • Age: 0.4 months
  • Pools: 0
  • Holders: 8,376

Why it matches:
    • Chain age: 0.4 months
  • Market cap: $5.6M
  • Trading activity: 3,114 swaps

Risk factors:
    • High PSL: 37.9% of top 10


CA: 0xee5576fa1bcaa380e591d01245f406f3f384eb01
  Discord message send failed: 429

Scan complete in 18.4s - Found 29 matches

[2026-09-05T22:29:11.974Z] Running scan...

Found 100 coins to evaluate

🏗️  INFRASTRUCTURE FLYWHEEL MATCH

Project: $ZZZ on Robinhood Chain

Metrics:
  • MC: $12.6M
  • Age: 0.0 months
  • Pools: 0
  • Holders: 7,768

Why it matches:
    • Chain age: 0.0 months
  • Market cap: $12.6M
  • Trading activity: 93,096 swaps

Risk factors:
    • High PSL: 18.1% of top 10


CA: 0x7dbf38976f6d3b9c529e7d9484a71898b409ee6a
  ✓ Alert sent to Discord
🏗️  INFRASTRUCTURE FLYWHEEL MATCH

Project: $MEME on Robinhood Chain

Metrics:
  • MC: $48.4M
  • Age: 0.1 months
  • Pools: 0
  • Holders: 26,063

Why it matches:
    • Chain age: 0.1 months
  • Market cap: $48.4M
  • Trading activity: 79,310 swaps

Risk factors:
    • High PSL: 10.4% of top 10


CA: 0x385f4f8ae47651ce5f58f5265395a669f8281e18
  ✓ Alert sent to Discord
🏗️  INFRASTRUCTURE FLYWHEEL MATCH

Project: $SHROOM on Robinhood Chain

Metrics:
  • MC: $44.6M
  • Age: 0.1 months
  • Pools: 0
  • Holders: 9,224

Why it matches:
    • Chain age: 0.1 months
  • Market cap: $44.6M
  • Trading activity: 68,544 swaps

Risk factors:
    • High PSL: 21.5% of top 10


CA: 0xab093def657f15df31b33922a95e047add645b29
  ✓ Alert sent to Discord
🏗️  INFRASTRUCTURE FLYWHEEL MATCH

Project: $par on Robinhood Chain

Metrics:
  • MC: $6.6M
  • Age: 0.0 months
  • Pools: 0
  • Holders: 4,207

Why it matches:
    • Chain age: 0.0 months
  • Market cap: $6.6M
  • Trading activity: 25,139 swaps

Risk factors:
    • High PSL: 15.8% of top 10


CA: 0x507b6f349a80114097a67b8b4677367acc15b220
  ✓ Alert sent to Discord
🏗️  INFRASTRUCTURE FLYWHEEL MATCH

Project: $SPY on Robinhood Chain

Metrics:
  • MC: $17.4M
  • Age: 0.0 months
  • Pools: 0
  • Holders: 59,543

Why it matches:
    • Chain age: 0.0 months
  • Market cap: $17.4M
  • Trading activity: 182,380 swaps

Risk factors:
    • High PSL: 14.9% of top 10


CA: 0x117cc2133c37b721f49de2a7a74833232b3b4c0c
  ✓ Alert sent to Discord
🏗️  INFRASTRUCTURE FLYWHEEL MATCH

Project: $SPCX on Robinhood Chain

Metrics:
  • MC: $8.8M
  • Age: 0.0 months
  • Pools: 0
  • Holders: 82,510

Why it matches:
    • Chain age: 0.0 months
  • Market cap: $8.8M
  • Trading activity: 241,106 swaps

Risk factors:
    • High PSL: 28.7% of top 10


CA: 0x4a0e65a3eccec6dbe60ae065f2e7bb85fae35eea
  ✓ Alert sent to Discord
🏗️  INFRASTRUCTURE FLYWHEEL MATCH

Project: $NVDA on Robinhood Chain

Metrics:
  • MC: $15.2M
  • Age: 0.0 months
  • Pools: 0
  • Holders: 109,861

Why it matches:
    • Chain age: 0.0 months
  • Market cap: $15.2M
  • Trading activity: 178,279 swaps

Risk factors:
    • High PSL: 23.8% of top 10


CA: 0xd0601ce157db5bdc3162bbac2a2c8af5320d9eec
  ✓ Alert sent to Discord
🏗️  INFRASTRUCTURE FLYWHEEL MATCH

Project: $NUKE on Robinhood Chain

Metrics:
  • MC: $8.2M
  • Age: 0.0 months
  • Pools: 0
  • Holders: 1,456

Why it matches:
    • Chain age: 0.0 months
  • Market cap: $8.2M
  • Trading activity: 20,185 swaps

Risk factors:
    • High PSL: 85.4% of top 10
  • Concentration: Top 10 holds 85.4%


CA: 0x0000000005aca17e8bd5779fc87e13cb433aed24
  Discord message send failed: 429
🏗️  INFRASTRUCTURE FLYWHEEL MATCH

Project: $microduck on Robinhood Chain

Metrics:
  • MC: $29.5M
  • Age: 0.3 months
  • Pools: 0
  • Holders: 19,529

Why it matches:
    • Chain age: 0.3 months
  • Market cap: $29.5M
  • Trading activity: 20,093 swaps

Risk factors:
    • High PSL: 17.0% of top 10


CA: 0xd5f1afea47b1a9eab414d2ee740cf1d6d039e725
  ✓ Alert sent to Discord
🏗️  INFRASTRUCTURE FLYWHEEL MATCH

Project: $ROBINCAT on Robinhood Chain

Metrics:
  • MC: $12.1M
  • Age: 0.2 months
  • Pools: 0
  • Holders: 11,938

Why it matches:
    • Chain age: 0.2 months
  • Market cap: $12.1M
  • Trading activity: 20,077 swaps

Risk factors:
    • High PSL: 13.9% of top 10


CA: 0xded852de9fe9ba9b6f27f39e8e81cf851a5c79cc
  Discord message send failed: 429
🏗️  INFRASTRUCTURE FLYWHEEL MATCH

Project: $FATCOIN on Robinhood Chain

Metrics:
  • MC: $28.6M
  • Age: 0.1 months
  • Pools: 0
  • Holders: 8,679

Why it matches:
    • Chain age: 0.1 months
  • Market cap: $28.6M
  • Trading activity: 16,802 swaps

Risk factors:
    • High PSL: 11.1% of top 10


CA: 0x12d5ee7917ca430073c3a638ee1e6f0648a98a01
  Discord message send failed: 429
🏗️  INFRASTRUCTURE FLYWHEEL MATCH

Project: $NUDES on Robinhood Chain

Metrics:
  • MC: $21.2M
  • Age: 0.1 months
  • Pools: 0
  • Holders: 8,295

Why it matches:
    • Chain age: 0.1 months
  • Market cap: $21.2M
  • Trading activity: 16,014 swaps

Risk factors:
    • High PSL: 10.7% of top 10


CA: 0xbe98b75361935b18d688409424a869a4c3dc7401
  ✓ Alert sent to Discord
🏗️  INFRASTRUCTURE FLYWHEEL MATCH

Project: $BONER on Robinhood Chain

Metrics:
  • MC: $35.5M
  • Age: 0.3 months
  • Pools: 0
  • Holders: 17,255

Why it matches:
    • Chain age: 0.3 months
  • Market cap: $35.5M
  • Trading activity: 15,224 swaps

Risk factors:
    • High PSL: 16.2% of top 10


CA: 0x98096d17e191b3da1d5f99a6d7b3584351b11e18
  Discord message send failed: 429
🏗️  INFRASTRUCTURE FLYWHEEL MATCH

Project: $GRASS on Robinhood Chain

Metrics:
  • MC: $7.3M
  • Age: 0.1 months
  • Pools: 0
  • Holders: 6,893

Why it matches:
    • Chain age: 0.1 months
  • Market cap: $7.3M
  • Trading activity: 15,991 swaps

Risk factors:
    • High PSL: 13.5% of top 10


CA: 0x16391c40e85fb2246a2c8c17bfa2594c5d3ef84b
  Discord message send failed: 429
🏗️  INFRASTRUCTURE FLYWHEEL MATCH

Project: $PAIR on Robinhood Chain

Metrics:
  • MC: $17.3M
  • Age: 0.1 months
  • Pools: 0
  • Holders: 6,303

Why it matches:
    • Chain age: 0.1 months
  • Market cap: $17.3M
  • Trading activity: 14,091 swaps

Risk factors:
    • High PSL: 11.5% of top 10


CA: 0x6b1d42927b1a84ec28fa88d4fc6fa7af404966be
  ✓ Alert sent to Discord
🏗️  INFRASTRUCTURE FLYWHEEL MATCH

Project: $UBIK on Robinhood Chain

Metrics:
  • MC: $15.6M
  • Age: 0.1 months
  • Pools: 0
  • Holders: 6,117

Why it matches:
    • Chain age: 0.1 months
  • Market cap: $15.6M
  • Trading activity: 11,567 swaps

Risk factors:
    • High PSL: 18.1% of top 10


CA: 0x812486eaea648819853f8e372dc9f1516c7868bd
  Discord message send failed: 429
🏗️  INFRASTRUCTURE FLYWHEEL MATCH

Project: $STONKBROKER on Robinhood Chain

Metrics:
  • MC: $38.2M
  • Age: 1.3 months
  • Pools: 0
  • Holders: 33,592

Why it matches:
    • Chain age: 1.3 months
  • Market cap: $38.2M
  • Trading activity: 9,347 swaps

Risk factors:
    • High PSL: 56.7% of top 10
  • Concentration: Top 10 holds 56.7%


CA: 0xe934e36a439c94017b64a3fece66af12099abf50
  ✓ Alert sent to Discord
🏗️  INFRASTRUCTURE FLYWHEEL MATCH

Project: $GLD on Robinhood Chain

Metrics:
  • MC: $6.4M
  • Age: 0.0 months
  • Pools: 0
  • Holders: 21,385

Why it matches:
    • Chain age: 0.0 months
  • Market cap: $6.4M
  • Trading activity: 54,079 swaps

Risk factors:
    • High PSL: 13.9% of top 10


CA: 0xc9a981fee1f9dec688bb123ccdecc63d0debfc4e
  ✓ Alert sent to Discord
🏗️  INFRASTRUCTURE FLYWHEEL MATCH

Project: $PROLOGUE on Robinhood Chain

Metrics:
  • MC: $9.8M
  • Age: 0.6 months
  • Pools: 0
  • Holders: 7,677

Why it matches:
    • Chain age: 0.6 months
  • Market cap: $9.8M
  • Trading activity: 9,935 swaps

Risk factors:
    • High PSL: 18.6% of top 10


CA: 0xb9972ca7188e511174947e3936a5315ac7073277
  Discord message send failed: 429
🏗️  INFRASTRUCTURE FLYWHEEL MATCH

Project: $GG on Robinhood Chain

Metrics:
  • MC: $7.3M
  • Age: 0.3 months
  • Pools: 0
  • Holders: 6,434

Why it matches:
    • Chain age: 0.3 months
  • Market cap: $7.3M
  • Trading activity: 7,187 swaps

Risk factors:
    • High PSL: 16.6% of top 10


CA: 0xcacb0e9caccee63ec4d82952e561a291c68bcb68
  Discord message send failed: 429
🏗️  INFRASTRUCTURE FLYWHEEL MATCH

Project: $FRONG on Robinhood Chain

Metrics:
  • MC: $7.3M
  • Age: 1.2 months
  • Pools: 0
  • Holders: 14,802

Why it matches:
    • Chain age: 1.2 months
  • Market cap: $7.3M
  • Trading activity: 5,116 swaps

Risk factors:
    • High PSL: 15.4% of top 10


CA: 0x6245e67affa44a23077f0ea7f981a8dc743a0c47
  Discord message send failed: 429
🏗️  INFRASTRUCTURE FLYWHEEL MATCH

Project: $AAPL on Robinhood Chain

Metrics:
  • MC: $5.7M
  • Age: 0.0 months
  • Pools: 0
  • Holders: 64,155

Why it matches:
    • Chain age: 0.0 months
  • Market cap: $5.7M
  • Trading activity: 25,713 swaps

Risk factors:
    • High PSL: 36.6% of top 10


CA: 0xaf3d76f1834a1d425780943c99ea8a608f8a93f9
  ✓ Alert sent to Discord
🏗️  INFRASTRUCTURE FLYWHEEL MATCH

Project: $BUN on Robinhood Chain

Metrics:
  • MC: $21.3M
  • Age: 0.1 months
  • Pools: 0
  • Holders: 1,683

Why it matches:
    • Chain age: 0.1 months
  • Market cap: $21.3M
  • Trading activity: 3,660 swaps

Risk factors:
    • High PSL: 74.4% of top 10
  • Concentration: Top 10 holds 74.4%


CA: 0x07ebb29a38fbcb41563817e5e19f2cec619c90d2
  Discord message send failed: 429
🏗️  INFRASTRUCTURE FLYWHEEL MATCH

Project: $MOO on Robinhood Chain

Metrics:
  • MC: $26.8M
  • Age: 1.5 months
  • Pools: 0
  • Holders: 7,082

Why it matches:
    • Chain age: 1.5 months
  • Market cap: $26.8M
  • Trading activity: 11,503 swaps

Risk factors:
    • High PSL: 14.7% of top 10


CA: 0xd9db30bb0d2b8d2eae3826a1372117e058791e18
  ✓ Alert sent to Discord
🏗️  INFRASTRUCTURE FLYWHEEL MATCH

Project: $ROBIN on Robinhood Chain

Metrics:
  • MC: $7.0M
  • Age: 0.0 months
  • Pools: 0
  • Holders: 4,605

Why it matches:
    • Chain age: 0.0 months
  • Market cap: $7.0M
  • Trading activity: 12,888 swaps



CA: 0x11b70d0243baf75e85ce03201a92b5b7c33beb59
  Discord message send failed: 429
🏗️  INFRASTRUCTURE FLYWHEEL MATCH

Project: $RAM on Robinhood Chain

Metrics:
  • MC: $6.1M
  • Age: 0.7 months
  • Pools: 0
  • Holders: 9,703

Why it matches:
    • Chain age: 0.7 months
  • Market cap: $6.1M
  • Trading activity: 4,891 swaps

Risk factors:
    • High PSL: 13.7% of top 10


CA: 0x5173d45a1191ee33cbb7d8c7e65f21b04ed54802
  Discord message send failed: 429
🏗️  INFRASTRUCTURE FLYWHEEL MATCH

Project: $AMC on Robinhood Chain

Metrics:
  • MC: $7.5M
  • Age: 0.0 months
  • Pools: 0
  • Holders: 8,050

Why it matches:
    • Chain age: 0.0 months
  • Market cap: $7.5M
  • Trading activity: 17,349 swaps

Risk factors:
    • High PSL: 29.6% of top 10


CA: 0x05a3d1cd21d0c88145e82600e62e7e496e0f222b
  ✓ Alert sent to Discord
🏗️  INFRASTRUCTURE FLYWHEEL MATCH

Project: $DELTA on Robinhood Chain

Metrics:
  • MC: $13.3M
  • Age: 1.2 months
  • Pools: 0
  • Holders: 15,442

Why it matches:
    • Chain age: 1.2 months
  • Market cap: $13.3M
  • Trading activity: 7,250 swaps

Risk factors:
    • High PSL: 27.2% of top 10


CA: 0xe8ffd7e24187f72afb08d75b1bb13088a989a791
  Discord message send failed: 429
🏗️  INFRASTRUCTURE FLYWHEEL MATCH

Project: $DTF on Robinhood Chain

Metrics:
  • MC: $5.6M
  • Age: 0.4 months
  • Pools: 0
  • Holders: 8,376

Why it matches:
    • Chain age: 0.4 months
  • Market cap: $5.6M
  • Trading activity: 3,119 swaps

Risk factors:
    • High PSL: 37.9% of top 10


CA: 0xee5576fa1bcaa380e591d01245f406f3f384eb01
  Discord message send failed: 429
🏗️  INFRASTRUCTURE FLYWHEEL MATCH

Project: $HOOKR on Robinhood Chain

Metrics:
  • MC: $22.3M
  • Age: 1.0 months
  • Pools: 0
  • Holders: 6,661

Why it matches:
    • Chain age: 1.0 months
  • Market cap: $22.3M
  • Trading activity: 7,687 swaps

Risk factors:
    • High PSL: 15.3% of top 10


CA: 0x18e674231a58c239dc7daedcffe15ec3a24cff5c
  ✓ Alert sent to Discord

Scan complete in 17.0s - Found 30 matches

[2026-09-05T22:39:29.005Z] Running scan...

Found 100 coins to evaluate

🏗️  INFRASTRUCTURE FLYWHEEL MATCH

Project: $ZZZ on Robinhood Chain

Metrics:
  • MC: $12.6M
  • Age: 0.0 months
  • Pools: 0
  • Holders: 7,762

Why it matches:
    • Chain age: 0.0 months
  • Market cap: $12.6M
  • Trading activity: 93,220 swaps

Risk factors:
    • High PSL: 18.1% of top 10


CA: 0x7dbf38976f6d3b9c529e7d9484a71898b409ee6a
  ✓ Alert sent to Discord
🏗️  INFRASTRUCTURE FLYWHEEL MATCH

Project: $MEME on Robinhood Chain

Metrics:
  • MC: $45.2M
  • Age: 0.1 months
  • Pools: 0
  • Holders: 25,919

Why it matches:
    • Chain age: 0.1 months
  • Market cap: $45.2M
  • Trading activity: 78,368 swaps

Risk factors:
    • High PSL: 10.4% of top 10


CA: 0x385f4f8ae47651ce5f58f5265395a669f8281e18
  ✓ Alert sent to Discord
🏗️  INFRASTRUCTURE FLYWHEEL MATCH

Project: $SHROOM on Robinhood Chain

Metrics:
  • MC: $42.0M
  • Age: 0.1 months
  • Pools: 0
  • Holders: 9,206

Why it matches:
    • Chain age: 0.1 months
  • Market cap: $42.0M
  • Trading activity: 68,491 swaps

Risk factors:
    • High PSL: 21.5% of top 10


CA: 0xab093def657f15df31b33922a95e047add645b29
  ✓ Alert sent to Discord
🏗️  INFRASTRUCTURE FLYWHEEL MATCH

Project: $par on Robinhood Chain

Metrics:
  • MC: $6.0M
  • Age: 0.0 months
  • Pools: 0
  • Holders: 4,200

Why it matches:
    • Chain age: 0.0 months
  • Market cap: $6.0M
  • Trading activity: 24,363 swaps

Risk factors:
    • High PSL: 15.8% of top 10


CA: 0x507b6f349a80114097a67b8b4677367acc15b220
  ✓ Alert sent to Discord
🏗️  INFRASTRUCTURE FLYWHEEL MATCH

Project: $SPY on Robinhood Chain

Metrics:
  • MC: $17.5M
  • Age: 0.0 months
  • Pools: 0
  • Holders: 59,930

Why it matches:
    • Chain age: 0.0 months
  • Market cap: $17.5M
  • Trading activity: 182,481 swaps

Risk factors:
    • High PSL: 14.8% of top 10


CA: 0x117cc2133c37b721f49de2a7a74833232b3b4c0c
  ✓ Alert sent to Discord
🏗️  INFRASTRUCTURE FLYWHEEL MATCH

Project: $SPCX on Robinhood Chain

Metrics:
  • MC: $8.9M
  • Age: 0.0 months
  • Pools: 0
  • Holders: 83,396

Why it matches:
    • Chain age: 0.0 months
  • Market cap: $8.9M
  • Trading activity: 236,905 swaps

Risk factors:
    • High PSL: 28.7% of top 10


CA: 0x4a0e65a3eccec6dbe60ae065f2e7bb85fae35eea
  ✓ Alert sent to Discord
🏗️  INFRASTRUCTURE FLYWHEEL MATCH

Project: $NVDA on Robinhood Chain

Metrics:
  • MC: $15.2M
  • Age: 0.0 months
  • Pools: 0
  • Holders: 110,402

Why it matches:
    • Chain age: 0.0 months
  • Market cap: $15.2M
  • Trading activity: 176,326 swaps

Risk factors:
    • High PSL: 23.8% of top 10


CA: 0xd0601ce157db5bdc3162bbac2a2c8af5320d9eec
  ✓ Alert sent to Discord
🏗️  INFRASTRUCTURE FLYWHEEL MATCH

Project: $NUKE on Robinhood Chain

Metrics:
  • MC: $9.1M
  • Age: 0.0 months
  • Pools: 0
  • Holders: 1,458

Why it matches:
    • Chain age: 0.0 months
  • Market cap: $9.1M
  • Trading activity: 20,334 swaps

Risk factors:
    • High PSL: 85.7% of top 10
  • Concentration: Top 10 holds 85.7%


CA: 0x0000000005aca17e8bd5779fc87e13cb433aed24
  ✓ Alert sent to Discord
🏗️  INFRASTRUCTURE FLYWHEEL MATCH

Project: $microduck on Robinhood Chain

Metrics:
  • MC: $30.2M
  • Age: 0.3 months
  • Pools: 0
  • Holders: 19,552

Why it matches:
    • Chain age: 0.3 months
  • Market cap: $30.2M
  • Trading activity: 20,105 swaps

Risk factors:
    • High PSL: 17.0% of top 10


CA: 0xd5f1afea47b1a9eab414d2ee740cf1d6d039e725
  ✓ Alert sent to Discord
🏗️  INFRASTRUCTURE FLYWHEEL MATCH

Project: $ROBINCAT on Robinhood Chain

Metrics:
  • MC: $11.8M
  • Age: 0.2 months
  • Pools: 0
  • Holders: 11,961

Why it matches:
    • Chain age: 0.2 months
  • Market cap: $11.8M
  • Trading activity: 20,028 swaps

Risk factors:
    • High PSL: 14.0% of top 10


CA: 0xded852de9fe9ba9b6f27f39e8e81cf851a5c79cc
  Discord message send failed: 429
🏗️  INFRASTRUCTURE FLYWHEEL MATCH

Project: $FATCOIN on Robinhood Chain

Metrics:
  • MC: $30.7M
  • Age: 0.1 months
  • Pools: 0
  • Holders: 8,689

Why it matches:
    • Chain age: 0.1 months
  • Market cap: $30.7M
  • Trading activity: 16,700 swaps

Risk factors:
    • High PSL: 11.1% of top 10


CA: 0x12d5ee7917ca430073c3a638ee1e6f0648a98a01
  ✓ Alert sent to Discord
🏗️  INFRASTRUCTURE FLYWHEEL MATCH

Project: $NUDES on Robinhood Chain

Metrics:
  • MC: $21.7M
  • Age: 0.1 months
  • Pools: 0
  • Holders: 8,295

Why it matches:
    • Chain age: 0.1 months
  • Market cap: $21.7M
  • Trading activity: 15,865 swaps

Risk factors:
    • High PSL: 10.7% of top 10


CA: 0xbe98b75361935b18d688409424a869a4c3dc7401
  Discord message send failed: 429
🏗️  INFRASTRUCTURE FLYWHEEL MATCH

Project: $BONER on Robinhood Chain

Metrics:
  • MC: $37.2M
  • Age: 0.3 months
  • Pools: 0
  • Holders: 17,290

Why it matches:
    • Chain age: 0.3 months
  • Market cap: $37.2M
  • Trading activity: 14,975 swaps

Risk factors:
    • High PSL: 16.2% of top 10


CA: 0x98096d17e191b3da1d5f99a6d7b3584351b11e18
  ✓ Alert sent to Discord
🏗️  INFRASTRUCTURE FLYWHEEL MATCH

Project: $GRASS on Robinhood Chain

Metrics:
  • MC: $9.8M
  • Age: 0.1 months
  • Pools: 0
  • Holders: 7,046

Why it matches:
    • Chain age: 0.1 months
  • Market cap: $9.8M
  • Trading activity: 16,094 swaps

Risk factors:
    • High PSL: 13.5% of top 10


CA: 0x16391c40e85fb2246a2c8c17bfa2594c5d3ef84b
  Discord message send failed: 429
🏗️  INFRASTRUCTURE FLYWHEEL MATCH

Project: $PAIR on Robinhood Chain

Metrics:
  • MC: $18.0M
  • Age: 0.1 months
  • Pools: 0
  • Holders: 6,307

Why it matches:
    • Chain age: 0.1 months
  • Market cap: $18.0M
  • Trading activity: 14,141 swaps

Risk factors:
    • High PSL: 11.5% of top 10


CA: 0x6b1d42927b1a84ec28fa88d4fc6fa7af404966be
  Discord message send failed: 429
🏗️  INFRASTRUCTURE FLYWHEEL MATCH

Project: $UBIK on Robinhood Chain

Metrics:
  • MC: $17.7M
  • Age: 0.1 months
  • Pools: 0
  • Holders: 6,141

Why it matches:
    • Chain age: 0.1 months
  • Market cap: $17.7M
  • Trading activity: 11,647 swaps

Risk factors:
    • High PSL: 18.1% of top 10


CA: 0x812486eaea648819853f8e372dc9f1516c7868bd
  ✓ Alert sent to Discord
🏗️  INFRASTRUCTURE FLYWHEEL MATCH

Project: $STONKBROKER on Robinhood Chain

Metrics:
  • MC: $37.8M
  • Age: 1.3 months
  • Pools: 0
  • Holders: 33,587

Why it matches:
    • Chain age: 1.3 months
  • Market cap: $37.8M
  • Trading activity: 9,344 swaps

Risk factors:
    • High PSL: 56.7% of top 10
  • Concentration: Top 10 holds 56.7%


CA: 0xe934e36a439c94017b64a3fece66af12099abf50
  Discord message send failed: 429
🏗️  INFRASTRUCTURE FLYWHEEL MATCH

Project: $GLD on Robinhood Chain

Metrics:
  • MC: $6.4M
  • Age: 0.0 months
  • Pools: 0
  • Holders: 21,447

Why it matches:
    • Chain age: 0.0 months
  • Market cap: $6.4M
  • Trading activity: 55,140 swaps

Risk factors:
    • High PSL: 13.0% of top 10


CA: 0xc9a981fee1f9dec688bb123ccdecc63d0debfc4e
  ✓ Alert sent to Discord
🏗️  INFRASTRUCTURE FLYWHEEL MATCH

Project: $PROLOGUE on Robinhood Chain

Metrics:
  • MC: $10.1M
  • Age: 0.6 months
  • Pools: 0
  • Holders: 7,682

Why it matches:
    • Chain age: 0.6 months
  • Market cap: $10.1M
  • Trading activity: 9,932 swaps

Risk factors:
    • High PSL: 18.6% of top 10


CA: 0xb9972ca7188e511174947e3936a5315ac7073277
  ✓ Alert sent to Discord
🏗️  INFRASTRUCTURE FLYWHEEL MATCH

Project: $GG on Robinhood Chain

Metrics:
  • MC: $6.9M
  • Age: 0.3 months
  • Pools: 0
  • Holders: 6,428

Why it matches:
    • Chain age: 0.3 months
  • Market cap: $6.9M
  • Trading activity: 7,126 swaps

Risk factors:
    • High PSL: 16.6% of top 10


CA: 0xcacb0e9caccee63ec4d82952e561a291c68bcb68
  ✓ Alert sent to Discord
🏗️  INFRASTRUCTURE FLYWHEEL MATCH

Project: $FRONG on Robinhood Chain

Metrics:
  • MC: $7.4M
  • Age: 1.2 months
  • Pools: 0
  • Holders: 14,801

Why it matches:
    • Chain age: 1.2 months
  • Market cap: $7.4M
  • Trading activity: 5,093 swaps

Risk factors:
    • High PSL: 15.4% of top 10


CA: 0x6245e67affa44a23077f0ea7f981a8dc743a0c47
  Discord message send failed: 429
🏗️  INFRASTRUCTURE FLYWHEEL MATCH

Project: $AAPL on Robinhood Chain

Metrics:
  • MC: $5.7M
  • Age: 0.0 months
  • Pools: 0
  • Holders: 64,269

Why it matches:
    • Chain age: 0.0 months
  • Market cap: $5.7M
  • Trading activity: 25,669 swaps

Risk factors:
    • High PSL: 36.7% of top 10


CA: 0xaf3d76f1834a1d425780943c99ea8a608f8a93f9
  Discord message send failed: 429
🏗️  INFRASTRUCTURE FLYWHEEL MATCH

Project: $ROBIN on Robinhood Chain

Metrics:
  • MC: $7.2M
  • Age: 0.0 months
  • Pools: 0
  • Holders: 4,719

Why it matches:
    • Chain age: 0.0 months
  • Market cap: $7.2M
  • Trading activity: 13,255 swaps



CA: 0x11b70d0243baf75e85ce03201a92b5b7c33beb59
  ✓ Alert sent to Discord
🏗️  INFRASTRUCTURE FLYWHEEL MATCH

Project: $BUN on Robinhood Chain

Metrics:
  • MC: $20.9M
  • Age: 0.1 months
  • Pools: 0
  • Holders: 1,680

Why it matches:
    • Chain age: 0.1 months
  • Market cap: $20.9M
  • Trading activity: 3,674 swaps

Risk factors:
    • High PSL: 74.4% of top 10
  • Concentration: Top 10 holds 74.4%


CA: 0x07ebb29a38fbcb41563817e5e19f2cec619c90d2
  Discord message send failed: 429
🏗️  INFRASTRUCTURE FLYWHEEL MATCH

Project: $MOO on Robinhood Chain

Metrics:
  • MC: $26.7M
  • Age: 1.5 months
  • Pools: 0
  • Holders: 7,077

Why it matches:
    • Chain age: 1.5 months
  • Market cap: $26.7M
  • Trading activity: 11,415 swaps

Risk factors:
    • High PSL: 14.7% of top 10


CA: 0xd9db30bb0d2b8d2eae3826a1372117e058791e18
  Discord message send failed: 429
🏗️  INFRASTRUCTURE FLYWHEEL MATCH

Project: $RAM on Robinhood Chain

Metrics:
  • MC: $6.2M
  • Age: 0.7 months
  • Pools: 0
  • Holders: 9,707

Why it matches:
    • Chain age: 0.7 months
  • Market cap: $6.2M
  • Trading activity: 4,890 swaps

Risk factors:
    • High PSL: 13.7% of top 10


CA: 0x5173d45a1191ee33cbb7d8c7e65f21b04ed54802
  ✓ Alert sent to Discord
🏗️  INFRASTRUCTURE FLYWHEEL MATCH

Project: $DELTA on Robinhood Chain

Metrics:
  • MC: $13.0M
  • Age: 1.2 months
  • Pools: 0
  • Holders: 15,425

Why it matches:
    • Chain age: 1.2 months
  • Market cap: $13.0M
  • Trading activity: 7,230 swaps

Risk factors:
    • High PSL: 27.1% of top 10


CA: 0xe8ffd7e24187f72afb08d75b1bb13088a989a791
  Discord message send failed: 429
🏗️  INFRASTRUCTURE FLYWHEEL MATCH

Project: $AMC on Robinhood Chain

Metrics:
  • MC: $7.5M
  • Age: 0.0 months
  • Pools: 0
  • Holders: 8,049

Why it matches:
    • Chain age: 0.0 months
  • Market cap: $7.5M
  • Trading activity: 16,826 swaps

Risk factors:
    • High PSL: 29.6% of top 10


CA: 0x05a3d1cd21d0c88145e82600e62e7e496e0f222b
  ✓ Alert sent to Discord
🏗️  INFRASTRUCTURE FLYWHEEL MATCH

Project: $DTF on Robinhood Chain

Metrics:
  • MC: $5.6M
  • Age: 0.4 months
  • Pools: 0
  • Holders: 8,376

Why it matches:
    • Chain age: 0.4 months
  • Market cap: $5.6M
  • Trading activity: 3,113 swaps

Risk factors:
    • High PSL: 37.9% of top 10


CA: 0xee5576fa1bcaa380e591d01245f406f3f384eb01
  Discord message send failed: 429
🏗️  INFRASTRUCTURE FLYWHEEL MATCH

Project: $HOOKR on Robinhood Chain

Metrics:
  • MC: $21.8M
  • Age: 1.0 months
  • Pools: 0
  • Holders: 6,662

Why it matches:
    • Chain age: 1.0 months
  • Market cap: $21.8M
  • Trading activity: 7,606 swaps

Risk factors:
    • High PSL: 15.3% of top 10


CA: 0x18e674231a58c239dc7daedcffe15ec3a24cff5c
  Discord message send failed: 429

Scan complete in 19.4s - Found 30 matches

[2026-09-05T22:49:48.399Z] Running scan...

Found 100 coins to evaluate

🏗️  INFRASTRUCTURE FLYWHEEL MATCH

Project: $ZZZ on Robinhood Chain

Metrics:
  • MC: $13.5M
  • Age: 0.0 months
  • Pools: 0
  • Holders: 7,763

Why it matches:
    • Chain age: 0.0 months
  • Market cap: $13.5M
  • Trading activity: 93,364 swaps

Risk factors:
    • High PSL: 18.1% of top 10


CA: 0x7dbf38976f6d3b9c529e7d9484a71898b409ee6a
  ✓ Alert sent to Discord
🏗️  INFRASTRUCTURE FLYWHEEL MATCH

Project: $MEME on Robinhood Chain

Metrics:
  • MC: $45.7M
  • Age: 0.1 months
  • Pools: 0
  • Holders: 25,842

Why it matches:
    • Chain age: 0.1 months
  • Market cap: $45.7M
  • Trading activity: 77,485 swaps

Risk factors:
    • High PSL: 10.4% of top 10


CA: 0x385f4f8ae47651ce5f58f5265395a669f8281e18
  ✓ Alert sent to Discord
🏗️  INFRASTRUCTURE FLYWHEEL MATCH

Project: $SHROOM on Robinhood Chain

Metrics:
  • MC: $39.7M
  • Age: 0.1 months
  • Pools: 0
  • Holders: 9,195

Why it matches:
    • Chain age: 0.1 months
  • Market cap: $39.7M
  • Trading activity: 68,625 swaps

Risk factors:
    • High PSL: 21.5% of top 10


CA: 0xab093def657f15df31b33922a95e047add645b29
  ✓ Alert sent to Discord
🏗️  INFRASTRUCTURE FLYWHEEL MATCH

Project: $Ponsan on Robinhood Chain

Metrics:
  • MC: $5.1M
  • Age: 0.0 months
  • Pools: 0
  • Holders: 8,831

Why it matches:
    • Chain age: 0.0 months
  • Market cap: $5.1M
  • Trading activity: 71,686 swaps

Risk factors:
    • High PSL: 11.5% of top 10


CA: 0x97216593d3b2769da6f0adeee6fb8e36da4e319f
  ✓ Alert sent to Discord
🏗️  INFRASTRUCTURE FLYWHEEL MATCH

Project: $par on Robinhood Chain

Metrics:
  • MC: $5.7M
  • Age: 0.0 months
  • Pools: 0
  • Holders: 4,204

Why it matches:
    • Chain age: 0.0 months
  • Market cap: $5.7M
  • Trading activity: 23,458 swaps

Risk factors:
    • High PSL: 15.8% of top 10


CA: 0x507b6f349a80114097a67b8b4677367acc15b220
  ✓ Alert sent to Discord
🏗️  INFRASTRUCTURE FLYWHEEL MATCH

Project: $SPY on Robinhood Chain

Metrics:
  • MC: $17.4M
  • Age: 0.0 months
  • Pools: 0
  • Holders: 60,097

Why it matches:
    • Chain age: 0.0 months
  • Market cap: $17.4M
  • Trading activity: 182,052 swaps

Risk factors:
    • High PSL: 15.2% of top 10


CA: 0x117cc2133c37b721f49de2a7a74833232b3b4c0c
  ✓ Alert sent to Discord
🏗️  INFRASTRUCTURE FLYWHEEL MATCH

Project: $SPCX on Robinhood Chain

Metrics:
  • MC: $8.8M
  • Age: 0.0 months
  • Pools: 0
  • Holders: 83,644

Why it matches:
    • Chain age: 0.0 months
  • Market cap: $8.8M
  • Trading activity: 232,035 swaps

Risk factors:
    • High PSL: 28.2% of top 10


CA: 0x4a0e65a3eccec6dbe60ae065f2e7bb85fae35eea
  ✓ Alert sent to Discord
🏗️  INFRASTRUCTURE FLYWHEEL MATCH

Project: $NVDA on Robinhood Chain

Metrics:
  • MC: $15.2M
  • Age: 0.0 months
  • Pools: 0
  • Holders: 110,706

Why it matches:
    • Chain age: 0.0 months
  • Market cap: $15.2M
  • Trading activity: 176,351 swaps

Risk factors:
    • High PSL: 23.8% of top 10


CA: 0xd0601ce157db5bdc3162bbac2a2c8af5320d9eec
  ✓ Alert sent to Discord
🏗️  INFRASTRUCTURE FLYWHEEL MATCH

Project: $NUKE on Robinhood Chain

Metrics:
  • MC: $8.8M
  • Age: 0.0 months
  • Pools: 0
  • Holders: 1,440

Why it matches:
    • Chain age: 0.0 months
  • Market cap: $8.8M
  • Trading activity: 20,401 swaps

Risk factors:
    • High PSL: 85.7% of top 10
  • Concentration: Top 10 holds 85.7%


CA: 0x0000000005aca17e8bd5779fc87e13cb433aed24
  Discord message send failed: 429
🏗️  INFRASTRUCTURE FLYWHEEL MATCH

Project: $microduck on Robinhood Chain

Metrics:
  • MC: $30.3M
  • Age: 0.3 months
  • Pools: 0
  • Holders: 19,556

Why it matches:
    • Chain age: 0.3 months
  • Market cap: $30.3M
  • Trading activity: 20,111 swaps

Risk factors:
    • High PSL: 17.0% of top 10


CA: 0xd5f1afea47b1a9eab414d2ee740cf1d6d039e725
  ✓ Alert sent to Discord
🏗️  INFRASTRUCTURE FLYWHEEL MATCH

Project: $ROBINCAT on Robinhood Chain

Metrics:
  • MC: $11.0M
  • Age: 0.2 months
  • Pools: 0
  • Holders: 11,971

Why it matches:
    • Chain age: 0.2 months
  • Market cap: $11.0M
  • Trading activity: 19,971 swaps

Risk factors:
    • High PSL: 14.0% of top 10


CA: 0xded852de9fe9ba9b6f27f39e8e81cf851a5c79cc
  Discord message send failed: 429
🏗️  INFRASTRUCTURE FLYWHEEL MATCH

Project: $FATCOIN on Robinhood Chain

Metrics:
  • MC: $31.4M
  • Age: 0.1 months
  • Pools: 0
  • Holders: 8,684

Why it matches:
    • Chain age: 0.1 months
  • Market cap: $31.4M
  • Trading activity: 16,617 swaps

Risk factors:
    • High PSL: 11.1% of top 10


CA: 0x12d5ee7917ca430073c3a638ee1e6f0648a98a01
  Discord message send failed: 429
🏗️  INFRASTRUCTURE FLYWHEEL MATCH

Project: $NUDES on Robinhood Chain

Metrics:
  • MC: $21.4M
  • Age: 0.1 months
  • Pools: 0
  • Holders: 8,291

Why it matches:
    • Chain age: 0.1 months
  • Market cap: $21.4M
  • Trading activity: 15,686 swaps

Risk factors:
    • High PSL: 10.7% of top 10


CA: 0xbe98b75361935b18d688409424a869a4c3dc7401
  ✓ Alert sent to Discord
🏗️  INFRASTRUCTURE FLYWHEEL MATCH

Project: $BONER on Robinhood Chain

Metrics:
  • MC: $37.8M
  • Age: 0.3 months
  • Pools: 0
  • Holders: 17,332

Why it matches:
    • Chain age: 0.3 months
  • Market cap: $37.8M
  • Trading activity: 14,921 swaps

Risk factors:
    • High PSL: 16.2% of top 10


CA: 0x98096d17e191b3da1d5f99a6d7b3584351b11e18
  Discord message send failed: 429
🏗️  INFRASTRUCTURE FLYWHEEL MATCH

Project: $GRASS on Robinhood Chain

Metrics:
  • MC: $9.7M
  • Age: 0.1 months
  • Pools: 0
  • Holders: 7,024

Why it matches:
    • Chain age: 0.1 months
  • Market cap: $9.7M
  • Trading activity: 15,935 swaps

Risk factors:
    • High PSL: 13.5% of top 10


CA: 0x16391c40e85fb2246a2c8c17bfa2594c5d3ef84b
  Discord message send failed: 429
🏗️  INFRASTRUCTURE FLYWHEEL MATCH

Project: $PAIR on Robinhood Chain

Metrics:
  • MC: $18.2M
  • Age: 0.1 months
  • Pools: 0
  • Holders: 6,319

Why it matches:
    • Chain age: 0.1 months
  • Market cap: $18.2M
  • Trading activity: 14,145 swaps

Risk factors:
    • High PSL: 11.5% of top 10


CA: 0x6b1d42927b1a84ec28fa88d4fc6fa7af404966be
  ✓ Alert sent to Discord
🏗️  INFRASTRUCTURE FLYWHEEL MATCH

Project: $UBIK on Robinhood Chain

Metrics:
  • MC: $20.0M
  • Age: 0.1 months
  • Pools: 0
  • Holders: 6,175

Why it matches:
    • Chain age: 0.1 months
  • Market cap: $20.0M
  • Trading activity: 11,910 swaps

Risk factors:
    • High PSL: 18.1% of top 10


CA: 0x812486eaea648819853f8e372dc9f1516c7868bd
  Discord message send failed: 429
🏗️  INFRASTRUCTURE FLYWHEEL MATCH

Project: $STONKBROKER on Robinhood Chain

Metrics:
  • MC: $38.2M
  • Age: 1.3 months
  • Pools: 0
  • Holders: 33,581

Why it matches:
    • Chain age: 1.3 months
  • Market cap: $38.2M
  • Trading activity: 9,303 swaps

Risk factors:
    • High PSL: 56.7% of top 10
  • Concentration: Top 10 holds 56.7%


CA: 0xe934e36a439c94017b64a3fece66af12099abf50
  ✓ Alert sent to Discord
🏗️  INFRASTRUCTURE FLYWHEEL MATCH

Project: $GLD on Robinhood Chain

Metrics:
  • MC: $6.4M
  • Age: 0.0 months
  • Pools: 0
  • Holders: 21,662

Why it matches:
    • Chain age: 0.0 months
  • Market cap: $6.4M
  • Trading activity: 56,818 swaps

Risk factors:
    • High PSL: 12.9% of top 10


CA: 0xc9a981fee1f9dec688bb123ccdecc63d0debfc4e
  Discord message send failed: 429
🏗️  INFRASTRUCTURE FLYWHEEL MATCH

Project: $PROLOGUE on Robinhood Chain

Metrics:
  • MC: $10.0M
  • Age: 0.6 months
  • Pools: 0
  • Holders: 7,678

Why it matches:
    • Chain age: 0.6 months
  • Market cap: $10.0M
  • Trading activity: 9,946 swaps

Risk factors:
    • High PSL: 18.6% of top 10


CA: 0xb9972ca7188e511174947e3936a5315ac7073277
  ✓ Alert sent to Discord
🏗️  INFRASTRUCTURE FLYWHEEL MATCH

Project: $GG on Robinhood Chain

Metrics:
  • MC: $6.9M
  • Age: 0.3 months
  • Pools: 0
  • Holders: 6,437

Why it matches:
    • Chain age: 0.3 months
  • Market cap: $6.9M
  • Trading activity: 7,070 swaps

Risk factors:
    • High PSL: 16.6% of top 10


CA: 0xcacb0e9caccee63ec4d82952e561a291c68bcb68
  Discord message send failed: 429
🏗️  INFRASTRUCTURE FLYWHEEL MATCH

Project: $FRONG on Robinhood Chain

Metrics:
  • MC: $7.6M
  • Age: 1.2 months
  • Pools: 0
  • Holders: 14,802

Why it matches:
    • Chain age: 1.2 months
  • Market cap: $7.6M
  • Trading activity: 5,075 swaps

Risk factors:
    • High PSL: 15.4% of top 10


CA: 0x6245e67affa44a23077f0ea7f981a8dc743a0c47
  Discord message send failed: 429
🏗️  INFRASTRUCTURE FLYWHEEL MATCH

Project: $ROBIN on Robinhood Chain

Metrics:
  • MC: $7.7M
  • Age: 0.0 months
  • Pools: 0
  • Holders: 4,839

Why it matches:
    • Chain age: 0.0 months
  • Market cap: $7.7M
  • Trading activity: 13,545 swaps



CA: 0x11b70d0243baf75e85ce03201a92b5b7c33beb59
  ✓ Alert sent to Discord
🏗️  INFRASTRUCTURE FLYWHEEL MATCH

Project: $BUN on Robinhood Chain

Metrics:
  • MC: $20.5M
  • Age: 0.1 months
  • Pools: 0
  • Holders: 1,681

Why it matches:
    • Chain age: 0.1 months
  • Market cap: $20.5M
  • Trading activity: 3,682 swaps

Risk factors:
    • High PSL: 74.4% of top 10
  • Concentration: Top 10 holds 74.4%


CA: 0x07ebb29a38fbcb41563817e5e19f2cec619c90d2
  ✓ Alert sent to Discord
🏗️  INFRASTRUCTURE FLYWHEEL MATCH

Project: $MOO on Robinhood Chain

Metrics:
  • MC: $26.5M
  • Age: 1.5 months
  • Pools: 0
  • Holders: 7,075

Why it matches:
    • Chain age: 1.5 months
  • Market cap: $26.5M
  • Trading activity: 11,380 swaps

Risk factors:
    • High PSL: 14.7% of top 10


CA: 0xd9db30bb0d2b8d2eae3826a1372117e058791e18
  Discord message send failed: 429
🏗️  INFRASTRUCTURE FLYWHEEL MATCH

Project: $RAM on Robinhood Chain

Metrics:
  • MC: $6.2M
  • Age: 0.7 months
  • Pools: 0
  • Holders: 9,718

Why it matches:
    • Chain age: 0.7 months
  • Market cap: $6.2M
  • Trading activity: 4,859 swaps

Risk factors:
    • High PSL: 13.7% of top 10


CA: 0x5173d45a1191ee33cbb7d8c7e65f21b04ed54802
  ✓ Alert sent to Discord
🏗️  INFRASTRUCTURE FLYWHEEL MATCH

Project: $DELTA on Robinhood Chain

Metrics:
  • MC: $12.6M
  • Age: 1.2 months
  • Pools: 0
  • Holders: 15,411

Why it matches:
    • Chain age: 1.2 months
  • Market cap: $12.6M
  • Trading activity: 7,207 swaps

Risk factors:
    • High PSL: 27.1% of top 10


CA: 0xe8ffd7e24187f72afb08d75b1bb13088a989a791
  Discord message send failed: 429
🏗️  INFRASTRUCTURE FLYWHEEL MATCH

Project: $AMC on Robinhood Chain

Metrics:
  • MC: $7.5M
  • Age: 0.0 months
  • Pools: 0
  • Holders: 8,053

Why it matches:
    • Chain age: 0.0 months
  • Market cap: $7.5M
  • Trading activity: 16,582 swaps

Risk factors:
    • High PSL: 29.6% of top 10


CA: 0x05a3d1cd21d0c88145e82600e62e7e496e0f222b
  ✓ Alert sent to Discord
🏗️  INFRASTRUCTURE FLYWHEEL MATCH

Project: $DTF on Robinhood Chain

Metrics:
  • MC: $5.9M
  • Age: 0.4 months
  • Pools: 0
  • Holders: 8,379

Why it matches:
    • Chain age: 0.4 months
  • Market cap: $5.9M
  • Trading activity: 3,100 swaps

Risk factors:
    • High PSL: 37.9% of top 10


CA: 0xee5576fa1bcaa380e591d01245f406f3f384eb01
  ✓ Alert sent to Discord
🏗️  INFRASTRUCTURE FLYWHEEL MATCH

Project: $HOOKR on Robinhood Chain

Metrics:
  • MC: $23.0M
  • Age: 1.0 months
  • Pools: 0
  • Holders: 6,657

Why it matches:
    • Chain age: 1.0 months
  • Market cap: $23.0M
  • Trading activity: 7,556 swaps

Risk factors:
    • High PSL: 15.3% of top 10


CA: 0x18e674231a58c239dc7daedcffe15ec3a24cff5c
  Discord message send failed: 429

Scan complete in 19.1s - Found 30 matches

[2026-09-05T23:00:07.544Z] Running scan...

Found 100 coins to evaluate

🏗️  INFRASTRUCTURE FLYWHEEL MATCH

Project: $ZZZ on Robinhood Chain

Metrics:
  • MC: $13.8M
  • Age: 0.0 months
  • Pools: 0
  • Holders: 7,784

Why it matches:
    • Chain age: 0.0 months
  • Market cap: $13.8M
  • Trading activity: 93,551 swaps

Risk factors:
    • High PSL: 18.1% of top 10


CA: 0x7dbf38976f6d3b9c529e7d9484a71898b409ee6a
  ✓ Alert sent to Discord
🏗️  INFRASTRUCTURE FLYWHEEL MATCH

Project: $MEME on Robinhood Chain

Metrics:
  • MC: $44.6M
  • Age: 0.1 months
  • Pools: 0
  • Holders: 25,759

Why it matches:
    • Chain age: 0.1 months
  • Market cap: $44.6M
  • Trading activity: 77,884 swaps

Risk factors:
    • High PSL: 10.4% of top 10


CA: 0x385f4f8ae47651ce5f58f5265395a669f8281e18
  ✓ Alert sent to Discord
🏗️  INFRASTRUCTURE FLYWHEEL MATCH

Project: $SHROOM on Robinhood Chain

Metrics:
  • MC: $39.3M
  • Age: 0.1 months
  • Pools: 0
  • Holders: 9,217

Why it matches:
    • Chain age: 0.1 months
  • Market cap: $39.3M
  • Trading activity: 68,843 swaps

Risk factors:
    • High PSL: 21.5% of top 10


CA: 0xab093def657f15df31b33922a95e047add645b29
  ✓ Alert sent to Discord
🏗️  INFRASTRUCTURE FLYWHEEL MATCH

Project: $par on Robinhood Chain

Metrics:
  • MC: $6.0M
  • Age: 0.0 months
  • Pools: 0
  • Holders: 4,218

Why it matches:
    • Chain age: 0.0 months
  • Market cap: $6.0M
  • Trading activity: 23,548 swaps

Risk factors:
    • High PSL: 15.8% of top 10


CA: 0x507b6f349a80114097a67b8b4677367acc15b220
  ✓ Alert sent to Discord
🏗️  INFRASTRUCTURE FLYWHEEL MATCH

Project: $SPY on Robinhood Chain

Metrics:
  • MC: $17.5M
  • Age: 0.0 months
  • Pools: 0
  • Holders: 60,170

Why it matches:
    • Chain age: 0.0 months
  • Market cap: $17.5M
  • Trading activity: 183,646 swaps

Risk factors:
    • High PSL: 15.5% of top 10


CA: 0x117cc2133c37b721f49de2a7a74833232b3b4c0c
  ✓ Alert sent to Discord
🏗️  INFRASTRUCTURE FLYWHEEL MATCH

Project: $SPCX on Robinhood Chain

Metrics:
  • MC: $8.8M
  • Age: 0.0 months
  • Pools: 0
  • Holders: 83,651

Why it matches:
    • Chain age: 0.0 months
  • Market cap: $8.8M
  • Trading activity: 232,707 swaps

Risk factors:
    • High PSL: 28.2% of top 10


CA: 0x4a0e65a3eccec6dbe60ae065f2e7bb85fae35eea
  ✓ Alert sent to Discord
🏗️  INFRASTRUCTURE FLYWHEEL MATCH

Project: $NVDA on Robinhood Chain

Metrics:
  • MC: $15.2M
  • Age: 0.0 months
  • Pools: 0
  • Holders: 110,725

Why it matches:
    • Chain age: 0.0 months
  • Market cap: $15.2M
  • Trading activity: 180,540 swaps

Risk factors:
    • High PSL: 23.8% of top 10


CA: 0xd0601ce157db5bdc3162bbac2a2c8af5320d9eec
  ✓ Alert sent to Discord
🏗️  INFRASTRUCTURE FLYWHEEL MATCH

Project: $NUKE on Robinhood Chain

Metrics:
  • MC: $7.8M
  • Age: 0.0 months
  • Pools: 0
  • Holders: 1,424

Why it matches:
    • Chain age: 0.0 months
  • Market cap: $7.8M
  • Trading activity: 20,476 swaps

Risk factors:
    • High PSL: 85.7% of top 10
  • Concentration: Top 10 holds 85.7%


CA: 0x0000000005aca17e8bd5779fc87e13cb433aed24
  ✓ Alert sent to Discord
🏗️  INFRASTRUCTURE FLYWHEEL MATCH

Project: $microduck on Robinhood Chain

Metrics:
  • MC: $30.7M
  • Age: 0.3 months
  • Pools: 0
  • Holders: 19,555

Why it matches:
    • Chain age: 0.3 months
  • Market cap: $30.7M
  • Trading activity: 20,173 swaps

Risk factors:
    • High PSL: 17.0% of top 10


CA: 0xd5f1afea47b1a9eab414d2ee740cf1d6d039e725
  ✓ Alert sent to Discord
🏗️  INFRASTRUCTURE FLYWHEEL MATCH

Project: $ROBINCAT on Robinhood Chain

Metrics:
  • MC: $11.3M
  • Age: 0.2 months
  • Pools: 0
  • Holders: 11,973

Why it matches:
    • Chain age: 0.2 months
  • Market cap: $11.3M
  • Trading activity: 20,037 swaps

Risk factors:
    • High PSL: 13.2% of top 10


CA: 0xded852de9fe9ba9b6f27f39e8e81cf851a5c79cc
  ✓ Alert sent to Discord
🏗️  INFRASTRUCTURE FLYWHEEL MATCH

Project: $FATCOIN on Robinhood Chain

Metrics:
  • MC: $32.1M
  • Age: 0.1 months
  • Pools: 0
  • Holders: 8,681

Why it matches:
    • Chain age: 0.1 months
  • Market cap: $32.1M
  • Trading activity: 16,714 swaps

Risk factors:
    • High PSL: 11.1% of top 10


CA: 0x12d5ee7917ca430073c3a638ee1e6f0648a98a01
  Discord message send failed: 429
🏗️  INFRASTRUCTURE FLYWHEEL MATCH

Project: $NUDES on Robinhood Chain

Metrics:
  • MC: $21.0M
  • Age: 0.1 months
  • Pools: 0
  • Holders: 8,279

Why it matches:
    • Chain age: 0.1 months
  • Market cap: $21.0M
  • Trading activity: 15,729 swaps

Risk factors:
    • High PSL: 10.7% of top 10


CA: 0xbe98b75361935b18d688409424a869a4c3dc7401
  ✓ Alert sent to Discord
🏗️  INFRASTRUCTURE FLYWHEEL MATCH

Project: $BONER on Robinhood Chain

Metrics:
  • MC: $38.2M
  • Age: 0.3 months
  • Pools: 0
  • Holders: 17,341

Why it matches:
    • Chain age: 0.3 months
  • Market cap: $38.2M
  • Trading activity: 15,001 swaps

Risk factors:
    • High PSL: 16.2% of top 10


CA: 0x98096d17e191b3da1d5f99a6d7b3584351b11e18
  Discord message send failed: 429
🏗️  INFRASTRUCTURE FLYWHEEL MATCH

Project: $GRASS on Robinhood Chain

Metrics:
  • MC: $10.7M
  • Age: 0.1 months
  • Pools: 0
  • Holders: 7,064

Why it matches:
    • Chain age: 0.1 months
  • Market cap: $10.7M
  • Trading activity: 16,100 swaps

Risk factors:
    • High PSL: 13.5% of top 10


CA: 0x16391c40e85fb2246a2c8c17bfa2594c5d3ef84b
  ✓ Alert sent to Discord
🏗️  INFRASTRUCTURE FLYWHEEL MATCH

Project: $PAIR on Robinhood Chain

Metrics:
  • MC: $18.5M
  • Age: 0.1 months
  • Pools: 0
  • Holders: 6,329

Why it matches:
    • Chain age: 0.1 months
  • Market cap: $18.5M
  • Trading activity: 14,302 swaps

Risk factors:
    • High PSL: 11.5% of top 10


CA: 0x6b1d42927b1a84ec28fa88d4fc6fa7af404966be
  Discord message send failed: 429
🏗️  INFRASTRUCTURE FLYWHEEL MATCH

Project: $UBIK on Robinhood Chain

Metrics:
  • MC: $19.7M
  • Age: 0.1 months
  • Pools: 0
  • Holders: 6,172

Why it matches:
    • Chain age: 0.1 months
  • Market cap: $19.7M
  • Trading activity: 11,993 swaps

Risk factors:
    • High PSL: 18.1% of top 10


CA: 0x812486eaea648819853f8e372dc9f1516c7868bd
  ✓ Alert sent to Discord
🏗️  INFRASTRUCTURE FLYWHEEL MATCH

Project: $GLD on Robinhood Chain

Metrics:
  • MC: $6.4M
  • Age: 0.0 months
  • Pools: 0
  • Holders: 21,696

Why it matches:
    • Chain age: 0.0 months
  • Market cap: $6.4M
  • Trading activity: 61,358 swaps

Risk factors:
    • High PSL: 12.7% of top 10


CA: 0xc9a981fee1f9dec688bb123ccdecc63d0debfc4e
  ✓ Alert sent to Discord
🏗️  INFRASTRUCTURE FLYWHEEL MATCH

Project: $STONKBROKER on Robinhood Chain

Metrics:
  • MC: $38.1M
  • Age: 1.3 months
  • Pools: 0
  • Holders: 33,577

Why it matches:
    • Chain age: 1.3 months
  • Market cap: $38.1M
  • Trading activity: 9,319 swaps

Risk factors:
    • High PSL: 56.7% of top 10
  • Concentration: Top 10 holds 56.7%


CA: 0xe934e36a439c94017b64a3fece66af12099abf50
  ✓ Alert sent to Discord
🏗️  INFRASTRUCTURE FLYWHEEL MATCH

Project: $PROLOGUE on Robinhood Chain

Metrics:
  • MC: $10.0M
  • Age: 0.6 months
  • Pools: 0
  • Holders: 7,673

Why it matches:
    • Chain age: 0.6 months
  • Market cap: $10.0M
  • Trading activity: 9,970 swaps

Risk factors:
    • High PSL: 18.6% of top 10


CA: 0xb9972ca7188e511174947e3936a5315ac7073277
  Discord message send failed: 429
🏗️  INFRASTRUCTURE FLYWHEEL MATCH

Project: $GG on Robinhood Chain

Metrics:
  • MC: $7.0M
  • Age: 0.3 months
  • Pools: 0
  • Holders: 6,444

Why it matches:
    • Chain age: 0.3 months
  • Market cap: $7.0M
  • Trading activity: 7,099 swaps

Risk factors:
    • High PSL: 16.6% of top 10


CA: 0xcacb0e9caccee63ec4d82952e561a291c68bcb68
  ✓ Alert sent to Discord
🏗️  INFRASTRUCTURE FLYWHEEL MATCH

Project: $FRONG on Robinhood Chain

Metrics:
  • MC: $7.7M
  • Age: 1.2 months
  • Pools: 0
  • Holders: 14,805

Why it matches:
    • Chain age: 1.2 months
  • Market cap: $7.7M
  • Trading activity: 5,104 swaps

Risk factors:
    • High PSL: 15.4% of top 10


CA: 0x6245e67affa44a23077f0ea7f981a8dc743a0c47
  Discord message send failed: 429
🏗️  INFRASTRUCTURE FLYWHEEL MATCH

Project: $AAPL on Robinhood Chain

Metrics:
  • MC: $5.7M
  • Age: 0.0 months
  • Pools: 0
  • Holders: 64,318

Why it matches:
    • Chain age: 0.0 months
  • Market cap: $5.7M
  • Trading activity: 25,757 swaps

Risk factors:
    • High PSL: 36.8% of top 10


CA: 0xaf3d76f1834a1d425780943c99ea8a608f8a93f9
  Discord message send failed: 429
🏗️  INFRASTRUCTURE FLYWHEEL MATCH

Project: $ROBIN on Robinhood Chain

Metrics:
  • MC: $7.2M
  • Age: 0.0 months
  • Pools: 0
  • Holders: 4,937

Why it matches:
    • Chain age: 0.0 months
  • Market cap: $7.2M
  • Trading activity: 13,809 swaps



CA: 0x11b70d0243baf75e85ce03201a92b5b7c33beb59
  ✓ Alert sent to Discord
🏗️  INFRASTRUCTURE FLYWHEEL MATCH

Project: $BUN on Robinhood Chain

Metrics:
  • MC: $20.5M
  • Age: 0.1 months
  • Pools: 0
  • Holders: 1,684

Why it matches:
    • Chain age: 0.1 months
  • Market cap: $20.5M
  • Trading activity: 3,692 swaps

Risk factors:
    • High PSL: 74.4% of top 10
  • Concentration: Top 10 holds 74.4%


CA: 0x07ebb29a38fbcb41563817e5e19f2cec619c90d2
  ✓ Alert sent to Discord
🏗️  INFRASTRUCTURE FLYWHEEL MATCH

Project: $MOO on Robinhood Chain

Metrics:
  • MC: $26.3M
  • Age: 1.5 months
  • Pools: 0
  • Holders: 7,076

Why it matches:
    • Chain age: 1.5 months
  • Market cap: $26.3M
  • Trading activity: 11,410 swaps

Risk factors:
    • High PSL: 14.7% of top 10


CA: 0xd9db30bb0d2b8d2eae3826a1372117e058791e18
  Discord message send failed: 429
🏗️  INFRASTRUCTURE FLYWHEEL MATCH

Project: $RAM on Robinhood Chain

Metrics:
  • MC: $6.2M
  • Age: 0.7 months
  • Pools: 0
  • Holders: 9,722

Why it matches:
    • Chain age: 0.7 months
  • Market cap: $6.2M
  • Trading activity: 4,880 swaps

Risk factors:
    • High PSL: 13.7% of top 10


CA: 0x5173d45a1191ee33cbb7d8c7e65f21b04ed54802
  Discord message send failed: 429
🏗️  INFRASTRUCTURE FLYWHEEL MATCH

Project: $DELTA on Robinhood Chain

Metrics:
  • MC: $12.5M
  • Age: 1.2 months
  • Pools: 0
  • Holders: 15,408

Why it matches:
    • Chain age: 1.2 months
  • Market cap: $12.5M
  • Trading activity: 7,276 swaps

Risk factors:
    • High PSL: 27.1% of top 10


CA: 0xe8ffd7e24187f72afb08d75b1bb13088a989a791
  ✓ Alert sent to Discord
🏗️  INFRASTRUCTURE FLYWHEEL MATCH

Project: $AMC on Robinhood Chain

Metrics:
  • MC: $7.5M
  • Age: 0.0 months
  • Pools: 0
  • Holders: 8,051

Why it matches:
    • Chain age: 0.0 months
  • Market cap: $7.5M
  • Trading activity: 16,640 swaps

Risk factors:
    • High PSL: 29.6% of top 10


CA: 0x05a3d1cd21d0c88145e82600e62e7e496e0f222b
  Discord message send failed: 429
🏗️  INFRASTRUCTURE FLYWHEEL MATCH

Project: $DTF on Robinhood Chain

Metrics:
  • MC: $5.8M
  • Age: 0.4 months
  • Pools: 0
  • Holders: 8,379

Why it matches:
    • Chain age: 0.4 months
  • Market cap: $5.8M
  • Trading activity: 3,110 swaps

Risk factors:
    • High PSL: 37.9% of top 10


CA: 0xee5576fa1bcaa380e591d01245f406f3f384eb01
  ✓ Alert sent to Discord
🏗️  INFRASTRUCTURE FLYWHEEL MATCH

Project: $HOOKR on Robinhood Chain

Metrics:
  • MC: $22.8M
  • Age: 1.0 months
  • Pools: 0
  • Holders: 6,660

Why it matches:
    • Chain age: 1.0 months
  • Market cap: $22.8M
  • Trading activity: 7,604 swaps

Risk factors:
    • High PSL: 15.3% of top 10


CA: 0x18e674231a58c239dc7daedcffe15ec3a24cff5c
  Discord message send failed: 429

Scan complete in 21.4s - Found 30 matches

[2026-09-05T23:10:28.946Z] Running scan...

Found 100 coins to evaluate

🏗️  INFRASTRUCTURE FLYWHEEL MATCH

Project: $ZZZ on Robinhood Chain

Metrics:
  • MC: $13.6M
  • Age: 0.0 months
  • Pools: 0
  • Holders: 7,797

Why it matches:
    • Chain age: 0.0 months
  • Market cap: $13.6M
  • Trading activity: 93,738 swaps

Risk factors:
    • High PSL: 18.1% of top 10


CA: 0x7dbf38976f6d3b9c529e7d9484a71898b409ee6a
  ✓ Alert sent to Discord
🏗️  INFRASTRUCTURE FLYWHEEL MATCH

Project: $MEME on Robinhood Chain

Metrics:
  • MC: $42.0M
  • Age: 0.1 months
  • Pools: 0
  • Holders: 25,730

Why it matches:
    • Chain age: 0.1 months
  • Market cap: $42.0M
  • Trading activity: 77,287 swaps

Risk factors:
    • High PSL: 10.6% of top 10


CA: 0x385f4f8ae47651ce5f58f5265395a669f8281e18
  ✓ Alert sent to Discord
🏗️  INFRASTRUCTURE FLYWHEEL MATCH

Project: $SHROOM on Robinhood Chain

Metrics:
  • MC: $40.3M
  • Age: 0.1 months
  • Pools: 0
  • Holders: 9,229

Why it matches:
    • Chain age: 0.1 months
  • Market cap: $40.3M
  • Trading activity: 68,028 swaps

Risk factors:
    • High PSL: 21.5% of top 10


CA: 0xab093def657f15df31b33922a95e047add645b29
  ✓ Alert sent to Discord
🏗️  INFRASTRUCTURE FLYWHEEL MATCH

Project: $par on Robinhood Chain

Metrics:
  • MC: $6.2M
  • Age: 0.0 months
  • Pools: 0
  • Holders: 4,225

Why it matches:
    • Chain age: 0.0 months
  • Market cap: $6.2M
  • Trading activity: 23,029 swaps

Risk factors:
    • High PSL: 15.8% of top 10


CA: 0x507b6f349a80114097a67b8b4677367acc15b220
  ✓ Alert sent to Discord
🏗️  INFRASTRUCTURE FLYWHEEL MATCH

Project: $SPY on Robinhood Chain

Metrics:
  • MC: $17.5M
  • Age: 0.0 months
  • Pools: 0
  • Holders: 60,128

Why it matches:
    • Chain age: 0.0 months
  • Market cap: $17.5M
  • Trading activity: 181,045 swaps

Risk factors:
    • High PSL: 15.7% of top 10


CA: 0x117cc2133c37b721f49de2a7a74833232b3b4c0c
  ✓ Alert sent to Discord
🏗️  INFRASTRUCTURE FLYWHEEL MATCH

Project: $SPCX on Robinhood Chain

Metrics:
  • MC: $8.8M
  • Age: 0.0 months
  • Pools: 0
  • Holders: 83,607

Why it matches:
    • Chain age: 0.0 months
  • Market cap: $8.8M
  • Trading activity: 230,915 swaps

Risk factors:
    • High PSL: 28.1% of top 10


CA: 0x4a0e65a3eccec6dbe60ae065f2e7bb85fae35eea
  ✓ Alert sent to Discord
🏗️  INFRASTRUCTURE FLYWHEEL MATCH

Project: $NVDA on Robinhood Chain

Metrics:
  • MC: $15.2M
  • Age: 0.0 months
  • Pools: 0
  • Holders: 110,721

Why it matches:
    • Chain age: 0.0 months
  • Market cap: $15.2M
  • Trading activity: 181,730 swaps

Risk factors:
    • High PSL: 23.8% of top 10


CA: 0xd0601ce157db5bdc3162bbac2a2c8af5320d9eec
  ✓ Alert sent to Discord
🏗️  INFRASTRUCTURE FLYWHEEL MATCH

Project: $NUKE on Robinhood Chain

Metrics:
  • MC: $8.9M
  • Age: 0.0 months
  • Pools: 0
  • Holders: 1,464

Why it matches:
    • Chain age: 0.0 months
  • Market cap: $8.9M
  • Trading activity: 20,646 swaps

Risk factors:
    • High PSL: 85.8% of top 10
  • Concentration: Top 10 holds 85.8%


CA: 0x0000000005aca17e8bd5779fc87e13cb433aed24
  ✓ Alert sent to Discord
🏗️  INFRASTRUCTURE FLYWHEEL MATCH

Project: $microduck on Robinhood Chain

Metrics:
  • MC: $32.0M
  • Age: 0.3 months
  • Pools: 0
  • Holders: 19,566

Why it matches:
    • Chain age: 0.3 months
  • Market cap: $32.0M
  • Trading activity: 20,148 swaps

Risk factors:
    • High PSL: 17.0% of top 10


CA: 0xd5f1afea47b1a9eab414d2ee740cf1d6d039e725
  ✓ Alert sent to Discord
🏗️  INFRASTRUCTURE FLYWHEEL MATCH

Project: $ROBINCAT on Robinhood Chain

Metrics:
  • MC: $11.2M
  • Age: 0.2 months
  • Pools: 0
  • Holders: 12,002

Why it matches:
    • Chain age: 0.2 months
  • Market cap: $11.2M
  • Trading activity: 19,927 swaps

Risk factors:
    • High PSL: 13.2% of top 10


CA: 0xded852de9fe9ba9b6f27f39e8e81cf851a5c79cc
  Discord message send failed: 429
🏗️  INFRASTRUCTURE FLYWHEEL MATCH

Project: $FATCOIN on Robinhood Chain

Metrics:
  • MC: $39.9M
  • Age: 0.1 months
  • Pools: 0
  • Holders: 8,829

Why it matches:
    • Chain age: 0.1 months
  • Market cap: $39.9M
  • Trading activity: 17,144 swaps

Risk factors:
    • High PSL: 11.0% of top 10


CA: 0x12d5ee7917ca430073c3a638ee1e6f0648a98a01
  ✓ Alert sent to Discord
🏗️  INFRASTRUCTURE FLYWHEEL MATCH

Project: $NUDES on Robinhood Chain

Metrics:
  • MC: $19.9M
  • Age: 0.1 months
  • Pools: 0
  • Holders: 8,269

Why it matches:
    • Chain age: 0.1 months
  • Market cap: $19.9M
  • Trading activity: 15,597 swaps

Risk factors:
    • High PSL: 10.7% of top 10


CA: 0xbe98b75361935b18d688409424a869a4c3dc7401
  Discord message send failed: 429
🏗️  INFRASTRUCTURE FLYWHEEL MATCH

Project: $BONER on Robinhood Chain

Metrics:
  • MC: $37.0M
  • Age: 0.3 months
  • Pools: 0
  • Holders: 17,345

Why it matches:
    • Chain age: 0.3 months
  • Market cap: $37.0M
  • Trading activity: 14,934 swaps

Risk factors:
    • High PSL: 16.2% of top 10


CA: 0x98096d17e191b3da1d5f99a6d7b3584351b11e18
  ✓ Alert sent to Discord
🏗️  INFRASTRUCTURE FLYWHEEL MATCH

Project: $GRASS on Robinhood Chain

Metrics:
  • MC: $11.5M
  • Age: 0.1 months
  • Pools: 0
  • Holders: 7,062

Why it matches:
    • Chain age: 0.1 months
  • Market cap: $11.5M
  • Trading activity: 16,064 swaps

Risk factors:
    • High PSL: 13.5% of top 10


CA: 0x16391c40e85fb2246a2c8c17bfa2594c5d3ef84b
  ✓ Alert sent to Discord
🏗️  INFRASTRUCTURE FLYWHEEL MATCH

Project: $PAIR on Robinhood Chain

Metrics:
  • MC: $17.0M
  • Age: 0.1 months
  • Pools: 0
  • Holders: 6,333

Why it matches:
    • Chain age: 0.1 months
  • Market cap: $17.0M
  • Trading activity: 14,373 swaps

Risk factors:
    • High PSL: 11.5% of top 10


CA: 0x6b1d42927b1a84ec28fa88d4fc6fa7af404966be
  ✓ Alert sent to Discord
🏗️  INFRASTRUCTURE FLYWHEEL MATCH

Project: $UBIK on Robinhood Chain

Metrics:
  • MC: $19.2M
  • Age: 0.1 months
  • Pools: 0
  • Holders: 6,163

Why it matches:
    • Chain age: 0.1 months
  • Market cap: $19.2M
  • Trading activity: 12,060 swaps

Risk factors:
    • High PSL: 18.1% of top 10


CA: 0x812486eaea648819853f8e372dc9f1516c7868bd
  ✓ Alert sent to Discord
🏗️  INFRASTRUCTURE FLYWHEEL MATCH

Project: $GLD on Robinhood Chain

Metrics:
  • MC: $6.4M
  • Age: 0.0 months
  • Pools: 0
  • Holders: 21,688

Why it matches:
    • Chain age: 0.0 months
  • Market cap: $6.4M
  • Trading activity: 62,943 swaps

Risk factors:
    • High PSL: 12.8% of top 10


CA: 0xc9a981fee1f9dec688bb123ccdecc63d0debfc4e
  ✓ Alert sent to Discord
🏗️  INFRASTRUCTURE FLYWHEEL MATCH

Project: $STONKBROKER on Robinhood Chain

Metrics:
  • MC: $37.9M
  • Age: 1.3 months
  • Pools: 0
  • Holders: 33,569

Why it matches:
    • Chain age: 1.3 months
  • Market cap: $37.9M
  • Trading activity: 9,271 swaps

Risk factors:
    • High PSL: 56.7% of top 10
  • Concentration: Top 10 holds 56.7%


CA: 0xe934e36a439c94017b64a3fece66af12099abf50
  ✓ Alert sent to Discord
🏗️  INFRASTRUCTURE FLYWHEEL MATCH

Project: $PROLOGUE on Robinhood Chain

Metrics:
  • MC: $9.9M
  • Age: 0.6 months
  • Pools: 0
  • Holders: 7,673

Why it matches:
    • Chain age: 0.6 months
  • Market cap: $9.9M
  • Trading activity: 9,953 swaps

Risk factors:
    • High PSL: 18.6% of top 10


CA: 0xb9972ca7188e511174947e3936a5315ac7073277
  Discord message send failed: 429
🏗️  INFRASTRUCTURE FLYWHEEL MATCH

Project: $GG on Robinhood Chain

Metrics:
  • MC: $6.9M
  • Age: 0.3 months
  • Pools: 0
  • Holders: 6,446

Why it matches:
    • Chain age: 0.3 months
  • Market cap: $6.9M
  • Trading activity: 7,055 swaps

Risk factors:
    • High PSL: 16.6% of top 10


CA: 0xcacb0e9caccee63ec4d82952e561a291c68bcb68
  Discord message send failed: 429
🏗️  INFRASTRUCTURE FLYWHEEL MATCH

Project: $FRONG on Robinhood Chain

Metrics:
  • MC: $7.9M
  • Age: 1.2 months
  • Pools: 0
  • Holders: 14,808

Why it matches:
    • Chain age: 1.2 months
  • Market cap: $7.9M
  • Trading activity: 5,098 swaps

Risk factors:
    • High PSL: 15.4% of top 10


CA: 0x6245e67affa44a23077f0ea7f981a8dc743a0c47
  ✓ Alert sent to Discord
🏗️  INFRASTRUCTURE FLYWHEEL MATCH

Project: $AAPL on Robinhood Chain

Metrics:
  • MC: $5.7M
  • Age: 0.0 months
  • Pools: 0
  • Holders: 64,310

Why it matches:
    • Chain age: 0.0 months
  • Market cap: $5.7M
  • Trading activity: 25,805 swaps

Risk factors:
    • High PSL: 36.8% of top 10


CA: 0xaf3d76f1834a1d425780943c99ea8a608f8a93f9
  Discord message send failed: 429
🏗️  INFRASTRUCTURE FLYWHEEL MATCH

Project: $ROBIN on Robinhood Chain

Metrics:
  • MC: $8.1M
  • Age: 0.0 months
  • Pools: 0
  • Holders: 4,976

Why it matches:
    • Chain age: 0.0 months
  • Market cap: $8.1M
  • Trading activity: 14,014 swaps



CA: 0x11b70d0243baf75e85ce03201a92b5b7c33beb59
  Discord message send failed: 429
🏗️  INFRASTRUCTURE FLYWHEEL MATCH

Project: $BUN on Robinhood Chain

Metrics:
  • MC: $20.4M
  • Age: 0.1 months
  • Pools: 0
  • Holders: 1,685

Why it matches:
    • Chain age: 0.1 months
  • Market cap: $20.4M
  • Trading activity: 3,694 swaps

Risk factors:
    • High PSL: 74.4% of top 10
  • Concentration: Top 10 holds 74.4%


CA: 0x07ebb29a38fbcb41563817e5e19f2cec619c90d2
  ✓ Alert sent to Discord
🏗️  INFRASTRUCTURE FLYWHEEL MATCH

Project: $MOO on Robinhood Chain

Metrics:
  • MC: $25.8M
  • Age: 1.5 months
  • Pools: 0
  • Holders: 7,071

Why it matches:
    • Chain age: 1.5 months
  • Market cap: $25.8M
  • Trading activity: 11,387 swaps

Risk factors:
    • High PSL: 14.7% of top 10


CA: 0xd9db30bb0d2b8d2eae3826a1372117e058791e18
  Discord message send failed: 429
🏗️  INFRASTRUCTURE FLYWHEEL MATCH

Project: $RAM on Robinhood Chain

Metrics:
  • MC: $6.2M
  • Age: 0.7 months
  • Pools: 0
  • Holders: 9,728

Why it matches:
    • Chain age: 0.7 months
  • Market cap: $6.2M
  • Trading activity: 4,840 swaps

Risk factors:
    • High PSL: 13.7% of top 10


CA: 0x5173d45a1191ee33cbb7d8c7e65f21b04ed54802
  Discord message send failed: 429
🏗️  INFRASTRUCTURE FLYWHEEL MATCH

Project: $DELTA on Robinhood Chain

Metrics:
  • MC: $13.1M
  • Age: 1.2 months
  • Pools: 0
  • Holders: 15,416

Why it matches:
    • Chain age: 1.2 months
  • Market cap: $13.1M
  • Trading activity: 7,280 swaps

Risk factors:
    • High PSL: 27.0% of top 10


CA: 0xe8ffd7e24187f72afb08d75b1bb13088a989a791
  ✓ Alert sent to Discord
🏗️  INFRASTRUCTURE FLYWHEEL MATCH

Project: $AMC on Robinhood Chain

Metrics:
  • MC: $7.5M
  • Age: 0.0 months
  • Pools: 0
  • Holders: 8,050

Why it matches:
    • Chain age: 0.0 months
  • Market cap: $7.5M
  • Trading activity: 16,453 swaps

Risk factors:
    • High PSL: 29.6% of top 10


CA: 0x05a3d1cd21d0c88145e82600e62e7e496e0f222b
  Discord message send failed: 429
🏗️  INFRASTRUCTURE FLYWHEEL MATCH

Project: $DTF on Robinhood Chain

Metrics:
  • MC: $5.8M
  • Age: 0.4 months
  • Pools: 0
  • Holders: 8,379

Why it matches:
    • Chain age: 0.4 months
  • Market cap: $5.8M
  • Trading activity: 3,102 swaps

Risk factors:
    • High PSL: 37.9% of top 10


CA: 0xee5576fa1bcaa380e591d01245f406f3f384eb01
  Discord message send failed: 429
🏗️  INFRASTRUCTURE FLYWHEEL MATCH

Project: $HOOKR on Robinhood Chain

Metrics:
  • MC: $23.3M
  • Age: 1.0 months
  • Pools: 0
  • Holders: 6,661

Why it matches:
    • Chain age: 1.0 months
  • Market cap: $23.3M
  • Trading activity: 7,069 swaps

Risk factors:
    • High PSL: 15.3% of top 10


CA: 0x18e674231a58c239dc7daedcffe15ec3a24cff5c
  ✓ Alert sent to Discord

Scan complete in 21.0s - Found 30 matches

[2026-09-05T23:20:49.948Z] Running scan...

Found 100 coins to evaluate

🏗️  INFRASTRUCTURE FLYWHEEL MATCH

Project: $ZZZ on Robinhood Chain

Metrics:
  • MC: $13.8M
  • Age: 0.0 months
  • Pools: 0
  • Holders: 7,782

Why it matches:
    • Chain age: 0.0 months
  • Market cap: $13.8M
  • Trading activity: 93,862 swaps

Risk factors:
    • High PSL: 18.1% of top 10


CA: 0x7dbf38976f6d3b9c529e7d9484a71898b409ee6a
  ✓ Alert sent to Discord
🏗️  INFRASTRUCTURE FLYWHEEL MATCH

Project: $MEME on Robinhood Chain

Metrics:
  • MC: $43.2M
  • Age: 0.1 months
  • Pools: 0
  • Holders: 25,741

Why it matches:
    • Chain age: 0.1 months
  • Market cap: $43.2M
  • Trading activity: 76,539 swaps

Risk factors:
    • High PSL: 10.6% of top 10


CA: 0x385f4f8ae47651ce5f58f5265395a669f8281e18
  ✓ Alert sent to Discord
🏗️  INFRASTRUCTURE FLYWHEEL MATCH

Project: $SHROOM on Robinhood Chain

Metrics:
  • MC: $40.6M
  • Age: 0.1 months
  • Pools: 0
  • Holders: 9,221

Why it matches:
    • Chain age: 0.1 months
  • Market cap: $40.6M
  • Trading activity: 67,044 swaps

Risk factors:
    • High PSL: 21.5% of top 10


CA: 0xab093def657f15df31b33922a95e047add645b29
  ✓ Alert sent to Discord
🏗️  INFRASTRUCTURE FLYWHEEL MATCH

Project: $SPY on Robinhood Chain

Metrics:
  • MC: $17.5M
  • Age: 0.0 months
  • Pools: 0
  • Holders: 60,082

Why it matches:
    • Chain age: 0.0 months
  • Market cap: $17.5M
  • Trading activity: 179,312 swaps

Risk factors:
    • High PSL: 15.7% of top 10


CA: 0x117cc2133c37b721f49de2a7a74833232b3b4c0c
  ✓ Alert sent to Discord
🏗️  INFRASTRUCTURE FLYWHEEL MATCH

Project: $SPCX on Robinhood Chain

Metrics:
  • MC: $8.8M
  • Age: 0.0 months
  • Pools: 0
  • Holders: 83,575

Why it matches:
    • Chain age: 0.0 months
  • Market cap: $8.8M
  • Trading activity: 234,081 swaps

Risk factors:
    • High PSL: 27.3% of top 10


CA: 0x4a0e65a3eccec6dbe60ae065f2e7bb85fae35eea
  ✓ Alert sent to Discord
🏗️  INFRASTRUCTURE FLYWHEEL MATCH

Project: $par on Robinhood Chain

Metrics:
  • MC: $5.8M
  • Age: 0.0 months
  • Pools: 0
  • Holders: 4,229

Why it matches:
    • Chain age: 0.0 months
  • Market cap: $5.8M
  • Trading activity: 22,338 swaps

Risk factors:
    • High PSL: 15.8% of top 10


CA: 0x507b6f349a80114097a67b8b4677367acc15b220
  ✓ Alert sent to Discord
🏗️  INFRASTRUCTURE FLYWHEEL MATCH

Project: $NUKE on Robinhood Chain

Metrics:
  • MC: $9.0M
  • Age: 0.0 months
  • Pools: 0
  • Holders: 1,444

Why it matches:
    • Chain age: 0.0 months
  • Market cap: $9.0M
  • Trading activity: 20,684 swaps

Risk factors:
    • High PSL: 85.8% of top 10
  • Concentration: Top 10 holds 85.8%


CA: 0x0000000005aca17e8bd5779fc87e13cb433aed24
  ✓ Alert sent to Discord
🏗️  INFRASTRUCTURE FLYWHEEL MATCH

Project: $microduck on Robinhood Chain

Metrics:
  • MC: $31.6M
  • Age: 0.3 months
  • Pools: 0
  • Holders: 19,579

Why it matches:
    • Chain age: 0.3 months
  • Market cap: $31.6M
  • Trading activity: 20,094 swaps

Risk factors:
    • High PSL: 17.0% of top 10


CA: 0xd5f1afea47b1a9eab414d2ee740cf1d6d039e725
  ✓ Alert sent to Discord
🏗️  INFRASTRUCTURE FLYWHEEL MATCH

Project: $ROBINCAT on Robinhood Chain

Metrics:
  • MC: $11.1M
  • Age: 0.2 months
  • Pools: 0
  • Holders: 12,008

Why it matches:
    • Chain age: 0.2 months
  • Market cap: $11.1M
  • Trading activity: 19,832 swaps

Risk factors:
    • High PSL: 13.2% of top 10


CA: 0xded852de9fe9ba9b6f27f39e8e81cf851a5c79cc
  ✓ Alert sent to Discord
🏗️  INFRASTRUCTURE FLYWHEEL MATCH

Project: $FATCOIN on Robinhood Chain

Metrics:
  • MC: $37.4M
  • Age: 0.1 months
  • Pools: 0
  • Holders: 8,800

Why it matches:
    • Chain age: 0.1 months
  • Market cap: $37.4M
  • Trading activity: 17,215 swaps

Risk factors:
    • High PSL: 11.0% of top 10


CA: 0x12d5ee7917ca430073c3a638ee1e6f0648a98a01
  ✓ Alert sent to Discord
🏗️  INFRASTRUCTURE FLYWHEEL MATCH

Project: $BONER on Robinhood Chain

Metrics:
  • MC: $38.1M
  • Age: 0.3 months
  • Pools: 0
  • Holders: 17,356

Why it matches:
    • Chain age: 0.3 months
  • Market cap: $38.1M
  • Trading activity: 14,905 swaps

Risk factors:
    • High PSL: 16.3% of top 10


CA: 0x98096d17e191b3da1d5f99a6d7b3584351b11e18
  ✓ Alert sent to Discord
🏗️  INFRASTRUCTURE FLYWHEEL MATCH

Project: $NUDES on Robinhood Chain

Metrics:
  • MC: $20.3M
  • Age: 0.1 months
  • Pools: 0
  • Holders: 8,279

Why it matches:
    • Chain age: 0.1 months
  • Market cap: $20.3M
  • Trading activity: 15,459 swaps

Risk factors:
    • High PSL: 10.7% of top 10


CA: 0xbe98b75361935b18d688409424a869a4c3dc7401
  ✓ Alert sent to Discord
🏗️  INFRASTRUCTURE FLYWHEEL MATCH

Project: $GRASS on Robinhood Chain

Metrics:
  • MC: $11.0M
  • Age: 0.1 months
  • Pools: 0
  • Holders: 7,046

Why it matches:
    • Chain age: 0.1 months
  • Market cap: $11.0M
  • Trading activity: 15,761 swaps

Risk factors:
    • High PSL: 13.5% of top 10


CA: 0x16391c40e85fb2246a2c8c17bfa2594c5d3ef84b
  ✓ Alert sent to Discord
🏗️  INFRASTRUCTURE FLYWHEEL MATCH

Project: $PAIR on Robinhood Chain

Metrics:
  • MC: $17.7M
  • Age: 0.1 months
  • Pools: 0
  • Holders: 6,343

Why it matches:
    • Chain age: 0.1 months
  • Market cap: $17.7M
  • Trading activity: 14,394 swaps

Risk factors:
    • High PSL: 11.5% of top 10


CA: 0x6b1d42927b1a84ec28fa88d4fc6fa7af404966be
  Discord message send failed: 429
🏗️  INFRASTRUCTURE FLYWHEEL MATCH

Project: $UBIK on Robinhood Chain

Metrics:
  • MC: $22.0M
  • Age: 0.1 months
  • Pools: 0
  • Holders: 6,178

Why it matches:
    • Chain age: 0.1 months
  • Market cap: $22.0M
  • Trading activity: 12,225 swaps

Risk factors:
    • High PSL: 18.1% of top 10


CA: 0x812486eaea648819853f8e372dc9f1516c7868bd
  ✓ Alert sent to Discord
🏗️  INFRASTRUCTURE FLYWHEEL MATCH

Project: $GLD on Robinhood Chain

Metrics:
  • MC: $6.4M
  • Age: 0.0 months
  • Pools: 0
  • Holders: 21,683

Why it matches:
    • Chain age: 0.0 months
  • Market cap: $6.4M
  • Trading activity: 64,214 swaps

Risk factors:
    • High PSL: 12.8% of top 10


CA: 0xc9a981fee1f9dec688bb123ccdecc63d0debfc4e
  ✓ Alert sent to Discord
🏗️  INFRASTRUCTURE FLYWHEEL MATCH

Project: $RKST on Robinhood Chain

Metrics:
  • MC: $6.4M
  • Age: 0.0 months
  • Pools: 0
  • Holders: 1,544

Why it matches:
    • Chain age: 0.0 months
  • Market cap: $6.4M
  • Trading activity: 10,285 swaps

Risk factors:
    • High PSL: 42.2% of top 10
  • Concentration: Top 10 holds 42.2%


CA: 0x8d1612b4b78ebf08cfbf01a04fa270ccbb0509a2
  ✓ Alert sent to Discord
🏗️  INFRASTRUCTURE FLYWHEEL MATCH

Project: $STONKBROKER on Robinhood Chain

Metrics:
  • MC: $37.8M
  • Age: 1.3 months
  • Pools: 0
  • Holders: 33,568

Why it matches:
    • Chain age: 1.3 months
  • Market cap: $37.8M
  • Trading activity: 9,206 swaps

Risk factors:
    • High PSL: 56.7% of top 10
  • Concentration: Top 10 holds 56.7%


CA: 0xe934e36a439c94017b64a3fece66af12099abf50
  ✓ Alert sent to Discord
🏗️  INFRASTRUCTURE FLYWHEEL MATCH

Project: $PROLOGUE on Robinhood Chain

Metrics:
  • MC: $9.9M
  • Age: 0.6 months
  • Pools: 0
  • Holders: 7,673

Why it matches:
    • Chain age: 0.6 months
  • Market cap: $9.9M
  • Trading activity: 9,793 swaps

Risk factors:
    • High PSL: 18.6% of top 10


CA: 0xb9972ca7188e511174947e3936a5315ac7073277
  ✓ Alert sent to Discord
🏗️  INFRASTRUCTURE FLYWHEEL MATCH

Project: $GG on Robinhood Chain

Metrics:
  • MC: $6.7M
  • Age: 0.3 months
  • Pools: 0
  • Holders: 6,445

Why it matches:
    • Chain age: 0.3 months
  • Market cap: $6.7M
  • Trading activity: 7,044 swaps

Risk factors:
    • High PSL: 16.6% of top 10


CA: 0xcacb0e9caccee63ec4d82952e561a291c68bcb68
  Discord message send failed: 429
🏗️  INFRASTRUCTURE FLYWHEEL MATCH

Project: $FRONG on Robinhood Chain

Metrics:
  • MC: $8.0M
  • Age: 1.2 months
  • Pools: 0
  • Holders: 14,812

Why it matches:
    • Chain age: 1.2 months
  • Market cap: $8.0M
  • Trading activity: 5,099 swaps

Risk factors:
    • High PSL: 15.4% of top 10


CA: 0x6245e67affa44a23077f0ea7f981a8dc743a0c47
  ✓ Alert sent to Discord
🏗️  INFRASTRUCTURE FLYWHEEL MATCH

Project: $AAPL on Robinhood Chain

Metrics:
  • MC: $5.7M
  • Age: 0.0 months
  • Pools: 0
  • Holders: 64,286

Why it matches:
    • Chain age: 0.0 months
  • Market cap: $5.7M
  • Trading activity: 25,901 swaps

Risk factors:
    • High PSL: 36.8% of top 10


CA: 0xaf3d76f1834a1d425780943c99ea8a608f8a93f9
  Discord message send failed: 429
🏗️  INFRASTRUCTURE FLYWHEEL MATCH

Project: $ROBIN on Robinhood Chain

Metrics:
  • MC: $6.8M
  • Age: 0.0 months
  • Pools: 0
  • Holders: 5,022

Why it matches:
    • Chain age: 0.0 months
  • Market cap: $6.8M
  • Trading activity: 14,357 swaps



CA: 0x11b70d0243baf75e85ce03201a92b5b7c33beb59
  ✓ Alert sent to Discord
🏗️  INFRASTRUCTURE FLYWHEEL MATCH

Project: $BUN on Robinhood Chain

Metrics:
  • MC: $23.5M
  • Age: 0.1 months
  • Pools: 0
  • Holders: 1,688

Why it matches:
    • Chain age: 0.1 months
  • Market cap: $23.5M
  • Trading activity: 3,714 swaps

Risk factors:
    • High PSL: 74.4% of top 10
  • Concentration: Top 10 holds 74.4%


CA: 0x07ebb29a38fbcb41563817e5e19f2cec619c90d2
  ✓ Alert sent to Discord
🏗️  INFRASTRUCTURE FLYWHEEL MATCH

Project: $MOO on Robinhood Chain

Metrics:
  • MC: $26.1M
  • Age: 1.5 months
  • Pools: 0
  • Holders: 7,064

Why it matches:
    • Chain age: 1.5 months
  • Market cap: $26.1M
  • Trading activity: 11,346 swaps

Risk factors:
    • High PSL: 14.7% of top 10


CA: 0xd9db30bb0d2b8d2eae3826a1372117e058791e18
  Discord message send failed: 429
🏗️  INFRASTRUCTURE FLYWHEEL MATCH

Project: $RAM on Robinhood Chain

Metrics:
  • MC: $6.3M
  • Age: 0.7 months
  • Pools: 0
  • Holders: 9,731

Why it matches:
    • Chain age: 0.7 months
  • Market cap: $6.3M
  • Trading activity: 4,804 swaps

Risk factors:
    • High PSL: 13.7% of top 10


CA: 0x5173d45a1191ee33cbb7d8c7e65f21b04ed54802
  ✓ Alert sent to Discord
🏗️  INFRASTRUCTURE FLYWHEEL MATCH

Project: $DELTA on Robinhood Chain

Metrics:
  • MC: $13.0M
  • Age: 1.2 months
  • Pools: 0
  • Holders: 15,418

Why it matches:
    • Chain age: 1.2 months
  • Market cap: $13.0M
  • Trading activity: 7,269 swaps

Risk factors:
    • High PSL: 27.0% of top 10


CA: 0xe8ffd7e24187f72afb08d75b1bb13088a989a791
  Discord message send failed: 429
🏗️  INFRASTRUCTURE FLYWHEEL MATCH

Project: $AMC on Robinhood Chain

Metrics:
  • MC: $7.5M
  • Age: 0.0 months
  • Pools: 0
  • Holders: 8,046

Why it matches:
    • Chain age: 0.0 months
  • Market cap: $7.5M
  • Trading activity: 16,291 swaps

Risk factors:
    • High PSL: 29.6% of top 10


CA: 0x05a3d1cd21d0c88145e82600e62e7e496e0f222b
  Discord message send failed: 429
🏗️  INFRASTRUCTURE FLYWHEEL MATCH

Project: $DTF on Robinhood Chain

Metrics:
  • MC: $5.8M
  • Age: 0.4 months
  • Pools: 0
  • Holders: 8,381

Why it matches:
    • Chain age: 0.4 months
  • Market cap: $5.8M
  • Trading activity: 3,082 swaps

Risk factors:
    • High PSL: 37.9% of top 10


CA: 0xee5576fa1bcaa380e591d01245f406f3f384eb01
  ✓ Alert sent to Discord

Scan complete in 23.9s - Found 29 matches

[2026-09-05T23:31:13.846Z] Running scan...

Found 100 coins to evaluate

🏗️  INFRASTRUCTURE FLYWHEEL MATCH

Project: $ZZZ on Robinhood Chain

Metrics:
  • MC: $19.3M
  • Age: 0.0 months
  • Pools: 0
  • Holders: 7,940

Why it matches:
    • Chain age: 0.0 months
  • Market cap: $19.3M
  • Trading activity: 94,948 swaps

Risk factors:
    • High PSL: 18.1% of top 10


CA: 0x7dbf38976f6d3b9c529e7d9484a71898b409ee6a
  ✓ Alert sent to Discord
🏗️  INFRASTRUCTURE FLYWHEEL MATCH

Project: $MEME on Robinhood Chain

Metrics:
  • MC: $42.5M
  • Age: 0.1 months
  • Pools: 0
  • Holders: 25,697

Why it matches:
    • Chain age: 0.1 months
  • Market cap: $42.5M
  • Trading activity: 75,243 swaps

Risk factors:
    • High PSL: 10.6% of top 10


CA: 0x385f4f8ae47651ce5f58f5265395a669f8281e18
  ✓ Alert sent to Discord
🏗️  INFRASTRUCTURE FLYWHEEL MATCH

Project: $Ponsan on Robinhood Chain

Metrics:
  • MC: $5.8M
  • Age: 0.0 months
  • Pools: 0
  • Holders: 8,782

Why it matches:
    • Chain age: 0.0 months
  • Market cap: $5.8M
  • Trading activity: 73,488 swaps

Risk factors:
    • High PSL: 11.1% of top 10


CA: 0x97216593d3b2769da6f0adeee6fb8e36da4e319f
  ✓ Alert sent to Discord
🏗️  INFRASTRUCTURE FLYWHEEL MATCH

Project: $SHROOM on Robinhood Chain

Metrics:
  • MC: $42.4M
  • Age: 0.1 months
  • Pools: 0
  • Holders: 9,254

Why it matches:
    • Chain age: 0.1 months
  • Market cap: $42.4M
  • Trading activity: 66,689 swaps

Risk factors:
    • High PSL: 21.5% of top 10


CA: 0xab093def657f15df31b33922a95e047add645b29
  ✓ Alert sent to Discord
🏗️  INFRASTRUCTURE FLYWHEEL MATCH

Project: $SPY on Robinhood Chain

Metrics:
  • MC: $17.5M
  • Age: 0.0 months
  • Pools: 0
  • Holders: 60,078

Why it matches:
    • Chain age: 0.0 months
  • Market cap: $17.5M
  • Trading activity: 178,410 swaps

Risk factors:
    • High PSL: 15.6% of top 10


CA: 0x117cc2133c37b721f49de2a7a74833232b3b4c0c
  ✓ Alert sent to Discord
🏗️  INFRASTRUCTURE FLYWHEEL MATCH

Project: $SPCX on Robinhood Chain

Metrics:
  • MC: $8.8M
  • Age: 0.0 months
  • Pools: 0
  • Holders: 83,580

Why it matches:
    • Chain age: 0.0 months
  • Market cap: $8.8M
  • Trading activity: 235,314 swaps

Risk factors:
    • High PSL: 26.9% of top 10


CA: 0x4a0e65a3eccec6dbe60ae065f2e7bb85fae35eea
  ✓ Alert sent to Discord
🏗️  INFRASTRUCTURE FLYWHEEL MATCH

Project: $NVDA on Robinhood Chain

Metrics:
  • MC: $15.3M
  • Age: 0.0 months
  • Pools: 0
  • Holders: 110,690

Why it matches:
    • Chain age: 0.0 months
  • Market cap: $15.3M
  • Trading activity: 180,333 swaps

Risk factors:
    • High PSL: 24.1% of top 10


CA: 0xd0601ce157db5bdc3162bbac2a2c8af5320d9eec
  ✓ Alert sent to Discord
🏗️  INFRASTRUCTURE FLYWHEEL MATCH

Project: $NUKE on Robinhood Chain

Metrics:
  • MC: $8.3M
  • Age: 0.0 months
  • Pools: 0
  • Holders: 1,421

Why it matches:
    • Chain age: 0.0 months
  • Market cap: $8.3M
  • Trading activity: 20,738 swaps

Risk factors:
    • High PSL: 85.7% of top 10
  • Concentration: Top 10 holds 85.7%


CA: 0x0000000005aca17e8bd5779fc87e13cb433aed24
  ✓ Alert sent to Discord
🏗️  INFRASTRUCTURE FLYWHEEL MATCH

Project: $par on Robinhood Chain

Metrics:
  • MC: $5.5M
  • Age: 0.0 months
  • Pools: 0
  • Holders: 4,238

Why it matches:
    • Chain age: 0.0 months
  • Market cap: $5.5M
  • Trading activity: 21,133 swaps

Risk factors:
    • High PSL: 15.8% of top 10


CA: 0x507b6f349a80114097a67b8b4677367acc15b220
  ✓ Alert sent to Discord
🏗️  INFRASTRUCTURE FLYWHEEL MATCH

Project: $microduck on Robinhood Chain

Metrics:
  • MC: $32.2M
  • Age: 0.3 months
  • Pools: 0
  • Holders: 19,602

Why it matches:
    • Chain age: 0.3 months
  • Market cap: $32.2M
  • Trading activity: 20,054 swaps

Risk factors:
    • High PSL: 17.0% of top 10


CA: 0xd5f1afea47b1a9eab414d2ee740cf1d6d039e725
  ✓ Alert sent to Discord
🏗️  INFRASTRUCTURE FLYWHEEL MATCH

Project: $ROBINCAT on Robinhood Chain

Metrics:
  • MC: $10.9M
  • Age: 0.2 months
  • Pools: 0
  • Holders: 12,013

Why it matches:
    • Chain age: 0.2 months
  • Market cap: $10.9M
  • Trading activity: 19,770 swaps

Risk factors:
    • High PSL: 13.2% of top 10


CA: 0xded852de9fe9ba9b6f27f39e8e81cf851a5c79cc
  Discord message send failed: 429
🏗️  INFRASTRUCTURE FLYWHEEL MATCH

Project: $FATCOIN on Robinhood Chain

Metrics:
  • MC: $36.4M
  • Age: 0.1 months
  • Pools: 0
  • Holders: 8,781

Why it matches:
    • Chain age: 0.1 months
  • Market cap: $36.4M
  • Trading activity: 17,235 swaps

Risk factors:
    • High PSL: 11.0% of top 10


CA: 0x12d5ee7917ca430073c3a638ee1e6f0648a98a01
  ✓ Alert sent to Discord
🏗️  INFRASTRUCTURE FLYWHEEL MATCH

Project: $BONER on Robinhood Chain

Metrics:
  • MC: $38.9M
  • Age: 0.3 months
  • Pools: 0
  • Holders: 17,359

Why it matches:
    • Chain age: 0.3 months
  • Market cap: $38.9M
  • Trading activity: 14,909 swaps

Risk factors:
    • High PSL: 16.3% of top 10


CA: 0x98096d17e191b3da1d5f99a6d7b3584351b11e18
  Discord message send failed: 429
🏗️  INFRASTRUCTURE FLYWHEEL MATCH

Project: $NUDES on Robinhood Chain

Metrics:
  • MC: $19.1M
  • Age: 0.1 months
  • Pools: 0
  • Holders: 8,269

Why it matches:
    • Chain age: 0.1 months
  • Market cap: $19.1M
  • Trading activity: 15,294 swaps

Risk factors:
    • High PSL: 10.7% of top 10


CA: 0xbe98b75361935b18d688409424a869a4c3dc7401
  Discord message send failed: 429
🏗️  INFRASTRUCTURE FLYWHEEL MATCH

Project: $GRASS on Robinhood Chain

Metrics:
  • MC: $9.0M
  • Age: 0.1 months
  • Pools: 0
  • Holders: 7,017

Why it matches:
    • Chain age: 0.1 months
  • Market cap: $9.0M
  • Trading activity: 15,049 swaps

Risk factors:
    • High PSL: 13.5% of top 10


CA: 0x16391c40e85fb2246a2c8c17bfa2594c5d3ef84b
  ✓ Alert sent to Discord
🏗️  INFRASTRUCTURE FLYWHEEL MATCH

Project: $PAIR on Robinhood Chain

Metrics:
  • MC: $17.3M
  • Age: 0.1 months
  • Pools: 0
  • Holders: 6,347

Why it matches:
    • Chain age: 0.1 months
  • Market cap: $17.3M
  • Trading activity: 14,425 swaps

Risk factors:
    • High PSL: 11.5% of top 10


CA: 0x6b1d42927b1a84ec28fa88d4fc6fa7af404966be
  Discord message send failed: 429
🏗️  INFRASTRUCTURE FLYWHEEL MATCH

Project: $RKST on Robinhood Chain

Metrics:
  • MC: $5.4M
  • Age: 0.0 months
  • Pools: 0
  • Holders: 1,954

Why it matches:
    • Chain age: 0.0 months
  • Market cap: $5.4M
  • Trading activity: 15,056 swaps

Risk factors:
    • High PSL: 42.2% of top 10
  • Concentration: Top 10 holds 42.2%


CA: 0x8d1612b4b78ebf08cfbf01a04fa270ccbb0509a2
  Discord message send failed: 429
🏗️  INFRASTRUCTURE FLYWHEEL MATCH

Project: $UBIK on Robinhood Chain

Metrics:
  • MC: $18.3M
  • Age: 0.1 months
  • Pools: 0
  • Holders: 6,190

Why it matches:
    • Chain age: 0.1 months
  • Market cap: $18.3M
  • Trading activity: 12,334 swaps

Risk factors:
    • High PSL: 18.1% of top 10


CA: 0x812486eaea648819853f8e372dc9f1516c7868bd
  ✓ Alert sent to Discord
🏗️  INFRASTRUCTURE FLYWHEEL MATCH

Project: $GLD on Robinhood Chain

Metrics:
  • MC: $6.4M
  • Age: 0.0 months
  • Pools: 0
  • Holders: 21,678

Why it matches:
    • Chain age: 0.0 months
  • Market cap: $6.4M
  • Trading activity: 64,375 swaps

Risk factors:
    • High PSL: 12.9% of top 10


CA: 0xc9a981fee1f9dec688bb123ccdecc63d0debfc4e
  ✓ Alert sent to Discord
🏗️  INFRASTRUCTURE FLYWHEEL MATCH

Project: $STONKBROKER on Robinhood Chain

Metrics:
  • MC: $37.9M
  • Age: 1.3 months
  • Pools: 0
  • Holders: 33,570

Why it matches:
    • Chain age: 1.3 months
  • Market cap: $37.9M
  • Trading activity: 9,163 swaps

Risk factors:
    • High PSL: 56.7% of top 10
  • Concentration: Top 10 holds 56.7%


CA: 0xe934e36a439c94017b64a3fece66af12099abf50
  Discord message send failed: 429
🏗️  INFRASTRUCTURE FLYWHEEL MATCH

Project: $PROLOGUE on Robinhood Chain

Metrics:
  • MC: $9.6M
  • Age: 0.6 months
  • Pools: 0
  • Holders: 7,676

Why it matches:
    • Chain age: 0.6 months
  • Market cap: $9.6M
  • Trading activity: 9,726 swaps

Risk factors:
    • High PSL: 18.6% of top 10


CA: 0xb9972ca7188e511174947e3936a5315ac7073277
  Discord message send failed: 429
🏗️  INFRASTRUCTURE FLYWHEEL MATCH

Project: $GG on Robinhood Chain

Metrics:
  • MC: $6.3M
  • Age: 0.3 months
  • Pools: 0
  • Holders: 6,451

Why it matches:
    • Chain age: 0.3 months
  • Market cap: $6.3M
  • Trading activity: 7,052 swaps

Risk factors:
    • High PSL: 16.6% of top 10


CA: 0xcacb0e9caccee63ec4d82952e561a291c68bcb68
  ✓ Alert sent to Discord
🏗️  INFRASTRUCTURE FLYWHEEL MATCH

Project: $FRONG on Robinhood Chain

Metrics:
  • MC: $8.2M
  • Age: 1.2 months
  • Pools: 0
  • Holders: 14,816

Why it matches:
    • Chain age: 1.2 months
  • Market cap: $8.2M
  • Trading activity: 5,101 swaps

Risk factors:
    • High PSL: 15.4% of top 10


CA: 0x6245e67affa44a23077f0ea7f981a8dc743a0c47
  Discord message send failed: 429
🏗️  INFRASTRUCTURE FLYWHEEL MATCH

Project: $ROBIN on Robinhood Chain

Metrics:
  • MC: $6.9M
  • Age: 0.0 months
  • Pools: 0
  • Holders: 5,039

Why it matches:
    • Chain age: 0.0 months
  • Market cap: $6.9M
  • Trading activity: 14,532 swaps



CA: 0x11b70d0243baf75e85ce03201a92b5b7c33beb59
  ✓ Alert sent to Discord
🏗️  INFRASTRUCTURE FLYWHEEL MATCH

Project: $AAPL on Robinhood Chain

Metrics:
  • MC: $5.7M
  • Age: 0.0 months
  • Pools: 0
  • Holders: 64,262

Why it matches:
    • Chain age: 0.0 months
  • Market cap: $5.7M
  • Trading activity: 25,849 swaps

Risk factors:
    • High PSL: 36.8% of top 10


CA: 0xaf3d76f1834a1d425780943c99ea8a608f8a93f9
  Discord message send failed: 429
🏗️  INFRASTRUCTURE FLYWHEEL MATCH

Project: $BUN on Robinhood Chain

Metrics:
  • MC: $23.4M
  • Age: 0.1 months
  • Pools: 0
  • Holders: 1,687

Why it matches:
    • Chain age: 0.1 months
  • Market cap: $23.4M
  • Trading activity: 3,710 swaps

Risk factors:
    • High PSL: 74.4% of top 10
  • Concentration: Top 10 holds 74.4%


CA: 0x07ebb29a38fbcb41563817e5e19f2cec619c90d2
  Discord message send failed: 429
🏗️  INFRASTRUCTURE FLYWHEEL MATCH

Project: $MOO on Robinhood Chain

Metrics:
  • MC: $25.1M
  • Age: 1.5 months
  • Pools: 0
  • Holders: 7,060

Why it matches:
    • Chain age: 1.5 months
  • Market cap: $25.1M
  • Trading activity: 11,337 swaps

Risk factors:
    • High PSL: 14.7% of top 10


CA: 0xd9db30bb0d2b8d2eae3826a1372117e058791e18
  ✓ Alert sent to Discord
🏗️  INFRASTRUCTURE FLYWHEEL MATCH

Project: $RAM on Robinhood Chain

Metrics:
  • MC: $6.2M
  • Age: 0.7 months
  • Pools: 0
  • Holders: 9,735

Why it matches:
    • Chain age: 0.7 months
  • Market cap: $6.2M
  • Trading activity: 4,762 swaps

Risk factors:
    • High PSL: 13.7% of top 10


CA: 0x5173d45a1191ee33cbb7d8c7e65f21b04ed54802
  Discord message send failed: 429
🏗️  INFRASTRUCTURE FLYWHEEL MATCH

Project: $DELTA on Robinhood Chain

Metrics:
  • MC: $13.1M
  • Age: 1.2 months
  • Pools: 0
  • Holders: 15,410

Why it matches:
    • Chain age: 1.2 months
  • Market cap: $13.1M
  • Trading activity: 7,221 swaps

Risk factors:
    • High PSL: 27.0% of top 10


CA: 0xe8ffd7e24187f72afb08d75b1bb13088a989a791
  Discord message send failed: 429
🏗️  INFRASTRUCTURE FLYWHEEL MATCH

Project: $DTF on Robinhood Chain

Metrics:
  • MC: $5.9M
  • Age: 0.4 months
  • Pools: 0
  • Holders: 8,379

Why it matches:
    • Chain age: 0.4 months
  • Market cap: $5.9M
  • Trading activity: 3,068 swaps

Risk factors:
    • High PSL: 37.9% of top 10


CA: 0xee5576fa1bcaa380e591d01245f406f3f384eb01
  ✓ Alert sent to Discord
🏗️  INFRASTRUCTURE FLYWHEEL MATCH

Project: $AMC on Robinhood Chain

Metrics:
  • MC: $7.5M
  • Age: 0.0 months
  • Pools: 0
  • Holders: 8,039

Why it matches:
    • Chain age: 0.0 months
  • Market cap: $7.5M
  • Trading activity: 16,085 swaps

Risk factors:
    • High PSL: 29.6% of top 10


CA: 0x05a3d1cd21d0c88145e82600e62e7e496e0f222b
  Discord message send failed: 429

Scan complete in 19.2s - Found 31 matches

[2026-09-05T23:41:33.117Z] Running scan...

Found 100 coins to evaluate

🏗️  INFRASTRUCTURE FLYWHEEL MATCH

Project: $ZZZ on Robinhood Chain

Metrics:
  • MC: $19.5M
  • Age: 0.0 months
  • Pools: 0
  • Holders: 7,942

Why it matches:
    • Chain age: 0.0 months
  • Market cap: $19.5M
  • Trading activity: 95,331 swaps

Risk factors:
    • High PSL: 18.1% of top 10


CA: 0x7dbf38976f6d3b9c529e7d9484a71898b409ee6a
  ✓ Alert sent to Discord
🏗️  INFRASTRUCTURE FLYWHEEL MATCH

Project: $MEME on Robinhood Chain

Metrics:
  • MC: $49.2M
  • Age: 0.1 months
  • Pools: 0
  • Holders: 26,138

Why it matches:
    • Chain age: 0.1 months
  • Market cap: $49.2M
  • Trading activity: 76,316 swaps

Risk factors:
    • High PSL: 10.6% of top 10


CA: 0x385f4f8ae47651ce5f58f5265395a669f8281e18
  ✓ Alert sent to Discord
🏗️  INFRASTRUCTURE FLYWHEEL MATCH

Project: $SHROOM on Robinhood Chain

Metrics:
  • MC: $43.2M
  • Age: 0.1 months
  • Pools: 0
  • Holders: 9,267

Why it matches:
    • Chain age: 0.1 months
  • Market cap: $43.2M
  • Trading activity: 66,843 swaps

Risk factors:
    • High PSL: 21.5% of top 10


CA: 0xab093def657f15df31b33922a95e047add645b29
  ✓ Alert sent to Discord
🏗️  INFRASTRUCTURE FLYWHEEL MATCH

Project: $SPY on Robinhood Chain

Metrics:
  • MC: $17.5M
  • Age: 0.0 months
  • Pools: 0
  • Holders: 60,153

Why it matches:
    • Chain age: 0.0 months
  • Market cap: $17.5M
  • Trading activity: 180,498 swaps

Risk factors:
    • High PSL: 15.5% of top 10


CA: 0x117cc2133c37b721f49de2a7a74833232b3b4c0c
  ✓ Alert sent to Discord
🏗️  INFRASTRUCTURE FLYWHEEL MATCH

Project: $SPCX on Robinhood Chain

Metrics:
  • MC: $8.8M
  • Age: 0.0 months
  • Pools: 0
  • Holders: 83,580

Why it matches:
    • Chain age: 0.0 months
  • Market cap: $8.8M
  • Trading activity: 236,593 swaps

Risk factors:
    • High PSL: 26.9% of top 10


CA: 0x4a0e65a3eccec6dbe60ae065f2e7bb85fae35eea
  ✓ Alert sent to Discord
🏗️  INFRASTRUCTURE FLYWHEEL MATCH

Project: $NVDA on Robinhood Chain

Metrics:
  • MC: $15.2M
  • Age: 0.0 months
  • Pools: 0
  • Holders: 110,689

Why it matches:
    • Chain age: 0.0 months
  • Market cap: $15.2M
  • Trading activity: 181,327 swaps

Risk factors:
    • High PSL: 24.1% of top 10


CA: 0xd0601ce157db5bdc3162bbac2a2c8af5320d9eec
  ✓ Alert sent to Discord
🏗️  INFRASTRUCTURE FLYWHEEL MATCH

Project: $NUKE on Robinhood Chain

Metrics:
  • MC: $7.7M
  • Age: 0.0 months
  • Pools: 0
  • Holders: 1,395

Why it matches:
    • Chain age: 0.0 months
  • Market cap: $7.7M
  • Trading activity: 20,795 swaps

Risk factors:
    • High PSL: 85.6% of top 10
  • Concentration: Top 10 holds 85.6%


CA: 0x0000000005aca17e8bd5779fc87e13cb433aed24
  ✓ Alert sent to Discord
🏗️  INFRASTRUCTURE FLYWHEEL MATCH

Project: $par on Robinhood Chain

Metrics:
  • MC: $5.4M
  • Age: 0.0 months
  • Pools: 0
  • Holders: 4,238

Why it matches:
    • Chain age: 0.0 months
  • Market cap: $5.4M
  • Trading activity: 21,221 swaps

Risk factors:
    • High PSL: 15.8% of top 10


CA: 0x507b6f349a80114097a67b8b4677367acc15b220
  ✓ Alert sent to Discord
🏗️  INFRASTRUCTURE FLYWHEEL MATCH

Project: $microduck on Robinhood Chain

Metrics:
  • MC: $33.7M
  • Age: 0.3 months
  • Pools: 0
  • Holders: 19,628

Why it matches:
    • Chain age: 0.3 months
  • Market cap: $33.7M
  • Trading activity: 20,305 swaps

Risk factors:
    • High PSL: 17.0% of top 10


CA: 0xd5f1afea47b1a9eab414d2ee740cf1d6d039e725
  Discord message send failed: 429
🏗️  INFRASTRUCTURE FLYWHEEL MATCH

Project: $ROBINCAT on Robinhood Chain

Metrics:
  • MC: $10.7M
  • Age: 0.2 months
  • Pools: 0
  • Holders: 12,014

Why it matches:
    • Chain age: 0.2 months
  • Market cap: $10.7M
  • Trading activity: 19,851 swaps

Risk factors:
    • High PSL: 13.2% of top 10


CA: 0xded852de9fe9ba9b6f27f39e8e81cf851a5c79cc
  ✓ Alert sent to Discord
🏗️  INFRASTRUCTURE FLYWHEEL MATCH

Project: $FATCOIN on Robinhood Chain

Metrics:
  • MC: $35.4M
  • Age: 0.1 months
  • Pools: 0
  • Holders: 8,765

Why it matches:
    • Chain age: 0.1 months
  • Market cap: $35.4M
  • Trading activity: 17,372 swaps

Risk factors:
    • High PSL: 11.0% of top 10


CA: 0x12d5ee7917ca430073c3a638ee1e6f0648a98a01
  Discord message send failed: 429
🏗️  INFRASTRUCTURE FLYWHEEL MATCH

Project: $BONER on Robinhood Chain

Metrics:
  • MC: $38.7M
  • Age: 0.3 months
  • Pools: 0
  • Holders: 17,358

Why it matches:
    • Chain age: 0.3 months
  • Market cap: $38.7M
  • Trading activity: 15,030 swaps

Risk factors:
    • High PSL: 16.3% of top 10


CA: 0x98096d17e191b3da1d5f99a6d7b3584351b11e18
  Discord message send failed: 429
🏗️  INFRASTRUCTURE FLYWHEEL MATCH

Project: $RKST on Robinhood Chain

Metrics:
  • MC: $6.2M
  • Age: 0.0 months
  • Pools: 0
  • Holders: 1,732

Why it matches:
    • Chain age: 0.0 months
  • Market cap: $6.2M
  • Trading activity: 16,742 swaps

Risk factors:
    • High PSL: 42.2% of top 10
  • Concentration: Top 10 holds 42.2%


CA: 0x8d1612b4b78ebf08cfbf01a04fa270ccbb0509a2
  ✓ Alert sent to Discord
🏗️  INFRASTRUCTURE FLYWHEEL MATCH

Project: $NUDES on Robinhood Chain

Metrics:
  • MC: $18.8M
  • Age: 0.1 months
  • Pools: 0
  • Holders: 8,257

Why it matches:
    • Chain age: 0.1 months
  • Market cap: $18.8M
  • Trading activity: 15,378 swaps

Risk factors:
    • High PSL: 10.7% of top 10


CA: 0xbe98b75361935b18d688409424a869a4c3dc7401
  ✓ Alert sent to Discord
🏗️  INFRASTRUCTURE FLYWHEEL MATCH

Project: $GRASS on Robinhood Chain

Metrics:
  • MC: $9.1M
  • Age: 0.1 months
  • Pools: 0
  • Holders: 7,010

Why it matches:
    • Chain age: 0.1 months
  • Market cap: $9.1M
  • Trading activity: 15,114 swaps

Risk factors:
    • High PSL: 13.5% of top 10


CA: 0x16391c40e85fb2246a2c8c17bfa2594c5d3ef84b
  ✓ Alert sent to Discord
🏗️  INFRASTRUCTURE FLYWHEEL MATCH

Project: $PAIR on Robinhood Chain

Metrics:
  • MC: $16.9M
  • Age: 0.1 months
  • Pools: 0
  • Holders: 6,341

Why it matches:
    • Chain age: 0.1 months
  • Market cap: $16.9M
  • Trading activity: 14,504 swaps

Risk factors:
    • High PSL: 11.5% of top 10


CA: 0x6b1d42927b1a84ec28fa88d4fc6fa7af404966be
  Discord message send failed: 429
🏗️  INFRASTRUCTURE FLYWHEEL MATCH

Project: $UBIK on Robinhood Chain

Metrics:
  • MC: $18.6M
  • Age: 0.1 months
  • Pools: 0
  • Holders: 6,175

Why it matches:
    • Chain age: 0.1 months
  • Market cap: $18.6M
  • Trading activity: 12,438 swaps

Risk factors:
    • High PSL: 18.1% of top 10


CA: 0x812486eaea648819853f8e372dc9f1516c7868bd
  Discord message send failed: 429
🏗️  INFRASTRUCTURE FLYWHEEL MATCH

Project: $GLD on Robinhood Chain

Metrics:
  • MC: $6.4M
  • Age: 0.0 months
  • Pools: 0
  • Holders: 21,695

Why it matches:
    • Chain age: 0.0 months
  • Market cap: $6.4M
  • Trading activity: 64,867 swaps

Risk factors:
    • High PSL: 13.2% of top 10


CA: 0xc9a981fee1f9dec688bb123ccdecc63d0debfc4e
  ✓ Alert sent to Discord
🏗️  INFRASTRUCTURE FLYWHEEL MATCH

Project: $STONKBROKER on Robinhood Chain

Metrics:
  • MC: $38.0M
  • Age: 1.3 months
  • Pools: 0
  • Holders: 33,532

Why it matches:
    • Chain age: 1.3 months
  • Market cap: $38.0M
  • Trading activity: 9,191 swaps

Risk factors:
    • High PSL: 56.7% of top 10
  • Concentration: Top 10 holds 56.7%


CA: 0xe934e36a439c94017b64a3fece66af12099abf50
  Discord message send failed: 429
🏗️  INFRASTRUCTURE FLYWHEEL MATCH

Project: $PROLOGUE on Robinhood Chain

Metrics:
  • MC: $9.5M
  • Age: 0.6 months
  • Pools: 0
  • Holders: 7,669

Why it matches:
    • Chain age: 0.6 months
  • Market cap: $9.5M
  • Trading activity: 9,764 swaps

Risk factors:
    • High PSL: 18.6% of top 10


CA: 0xb9972ca7188e511174947e3936a5315ac7073277
  ✓ Alert sent to Discord
🏗️  INFRASTRUCTURE FLYWHEEL MATCH

Project: $GG on Robinhood Chain

Metrics:
  • MC: $6.7M
  • Age: 0.3 months
  • Pools: 0
  • Holders: 6,446

Why it matches:
    • Chain age: 0.3 months
  • Market cap: $6.7M
  • Trading activity: 7,150 swaps

Risk factors:
    • High PSL: 16.6% of top 10


CA: 0xcacb0e9caccee63ec4d82952e561a291c68bcb68
  Discord message send failed: 429
🏗️  INFRASTRUCTURE FLYWHEEL MATCH

Project: $FRONG on Robinhood Chain

Metrics:
  • MC: $8.2M
  • Age: 1.2 months
  • Pools: 0
  • Holders: 14,809

Why it matches:
    • Chain age: 1.2 months
  • Market cap: $8.2M
  • Trading activity: 5,146 swaps

Risk factors:
    • High PSL: 15.4% of top 10


CA: 0x6245e67affa44a23077f0ea7f981a8dc743a0c47
  Discord message send failed: 429
🏗️  INFRASTRUCTURE FLYWHEEL MATCH

Project: $ROBIN on Robinhood Chain

Metrics:
  • MC: $7.0M
  • Age: 0.0 months
  • Pools: 0
  • Holders: 5,064

Why it matches:
    • Chain age: 0.0 months
  • Market cap: $7.0M
  • Trading activity: 14,756 swaps



CA: 0x11b70d0243baf75e85ce03201a92b5b7c33beb59
  ✓ Alert sent to Discord
🏗️  INFRASTRUCTURE FLYWHEEL MATCH

Project: $AAPL on Robinhood Chain

Metrics:
  • MC: $5.7M
  • Age: 0.0 months
  • Pools: 0
  • Holders: 64,262

Why it matches:
    • Chain age: 0.0 months
  • Market cap: $5.7M
  • Trading activity: 25,985 swaps

Risk factors:
    • High PSL: 36.8% of top 10


CA: 0xaf3d76f1834a1d425780943c99ea8a608f8a93f9
  Discord message send failed: 429
🏗️  INFRASTRUCTURE FLYWHEEL MATCH

Project: $BUN on Robinhood Chain

Metrics:
  • MC: $22.0M
  • Age: 0.1 months
  • Pools: 0
  • Holders: 1,686

Why it matches:
    • Chain age: 0.1 months
  • Market cap: $22.0M
  • Trading activity: 3,725 swaps

Risk factors:
    • High PSL: 74.4% of top 10
  • Concentration: Top 10 holds 74.4%


CA: 0x07ebb29a38fbcb41563817e5e19f2cec619c90d2
  Discord message send failed: 429
🏗️  INFRASTRUCTURE FLYWHEEL MATCH

Project: $MOO on Robinhood Chain

Metrics:
  • MC: $25.6M
  • Age: 1.5 months
  • Pools: 0
  • Holders: 7,055

Why it matches:
    • Chain age: 1.5 months
  • Market cap: $25.6M
  • Trading activity: 11,389 swaps

Risk factors:
    • High PSL: 14.7% of top 10


CA: 0xd9db30bb0d2b8d2eae3826a1372117e058791e18
  ✓ Alert sent to Discord
🏗️  INFRASTRUCTURE FLYWHEEL MATCH

Project: $RAM on Robinhood Chain

Metrics:
  • MC: $6.3M
  • Age: 0.7 months
  • Pools: 0
  • Holders: 9,739

Why it matches:
    • Chain age: 0.7 months
  • Market cap: $6.3M
  • Trading activity: 4,803 swaps

Risk factors:
    • High PSL: 13.7% of top 10


CA: 0x5173d45a1191ee33cbb7d8c7e65f21b04ed54802
  Discord message send failed: 429
🏗️  INFRASTRUCTURE FLYWHEEL MATCH

Project: $DELTA on Robinhood Chain

Metrics:
  • MC: $12.5M
  • Age: 1.2 months
  • Pools: 0
  • Holders: 15,403

Why it matches:
    • Chain age: 1.2 months
  • Market cap: $12.5M
  • Trading activity: 7,282 swaps

Risk factors:
    • High PSL: 27.0% of top 10


CA: 0xe8ffd7e24187f72afb08d75b1bb13088a989a791
  ✓ Alert sent to Discord
🏗️  INFRASTRUCTURE FLYWHEEL MATCH

Project: $AMC on Robinhood Chain

Metrics:
  • MC: $7.5M
  • Age: 0.0 months
  • Pools: 0
  • Holders: 8,041

Why it matches:
    • Chain age: 0.0 months
  • Market cap: $7.5M
  • Trading activity: 16,516 swaps

Risk factors:
    • High PSL: 29.6% of top 10


CA: 0x05a3d1cd21d0c88145e82600e62e7e496e0f222b
  Discord message send failed: 429
🏗️  INFRASTRUCTURE FLYWHEEL MATCH

Project: $DTF on Robinhood Chain

Metrics:
  • MC: $5.9M
  • Age: 0.4 months
  • Pools: 0
  • Holders: 8,381

Why it matches:
    • Chain age: 0.4 months
  • Market cap: $5.9M
  • Trading activity: 3,073 swaps

Risk factors:
    • High PSL: 37.9% of top 10


CA: 0xee5576fa1bcaa380e591d01245f406f3f384eb01
  Discord message send failed: 429

Scan complete in 18.6s - Found 30 matches
